report_date,location,location_type,data_field_code,value,Unnamed: 9,Unnamed: 10,ï»¿report_date
2015-11-28,El_Salvador-Ahuachapan,department,SV0010,4.0,,,
2015-11-28,El_Salvador,country,SV0010,851.0,,,
2015-11-28,El_Salvador-Usulutan,department,SV0010,28.0,,,
2015-11-28,El_Salvador-Sonsonate,department,SV0010,3.0,,,
2015-11-28,El_Salvador-Santa_Ana,department,SV0010,9.0,,,
2015-11-28,El_Salvador-San_Salvador,department,SV0010,551.0,,,
2015-11-28,El_Salvador-San_Miguel,department,SV0010,16.0,,,
2015-11-28,El_Salvador-San_Vicente,department,SV0010,38.0,,,
2015-11-28,El_Salvador-La_Union,department,SV0010,4.0,,,
2015-11-28,El_Salvador-La_Paz,department,SV0010,1.0,,,
2015-11-28,El_Salvador-La_Libertad,department,SV0010,61.0,,,
2015-11-28,El_Salvador-Cuscatlan,department,SV0010,4.0,,,
2015-11-28,El_Salvador-Chalatenango,department,SV0010,8.0,,,
2015-11-28,El_Salvador-Cabanas,department,SV0010,3.0,,,
2015-11-28,El_Salvador-Morazan,department,SV0010,4.0,,,
2015-12-05,El_Salvador-San_Miguel,department,SV0010,20.0,,,
2015-12-05,El_Salvador,country,SV0010,864.0,,,
2015-12-05,El_Salvador-Usulutan,department,SV0010,39.0,,,
2015-12-05,El_Salvador-Sonsonate,department,SV0010,4.0,,,
2015-12-05,El_Salvador-Santa_Ana,department,SV0010,11.0,,,
2015-12-05,El_Salvador-San_Salvador,department,SV0010,584.0,,,
2015-12-05,El_Salvador-Morazan,department,SV0010,8.0,,,
2015-12-05,El_Salvador-San_Vicente,department,SV0010,86.0,,,
2015-12-05,El_Salvador-La_Paz,department,SV0010,1.0,,,
2015-12-05,El_Salvador-La_Libertad,department,SV0010,70.0,,,
2015-12-05,El_Salvador-Cuscatlan,department,SV0010,6.0,,,
2015-12-05,El_Salvador-Chalatenango,department,SV0010,15.0,,,
2015-12-05,El_Salvador-Cabanas,department,SV0010,8.0,,,
2015-12-05,El_Salvador-Ahuachapan,department,SV0010,5.0,,,
2015-12-05,El_Salvador-La_Union,department,SV0010,7.0,,,
2015-12-12,El_Salvador,country,SV0010,1716.0,,,
2015-12-12,El_Salvador-Usulutan,department,SV0010,56.0,,,
2015-12-12,El_Salvador-Sonsonate,department,SV0010,9.0,,,
2015-12-12,El_Salvador-Santa_Ana,department,SV0010,34.0,,,
2015-12-12,El_Salvador-San_Vicente,department,SV0010,145.0,,,
2015-12-12,El_Salvador-San_Salvador,department,SV0010,1113.0,,,
2015-12-12,El_Salvador-San_Miguel,department,SV0010,38.0,,,
2015-12-12,El_Salvador-Morazan,department,SV0010,22.0,,,
2015-12-12,El_Salvador-La_Paz,department,SV0010,28.0,,,
2015-12-12,El_Salvador-La_Libertad,department,SV0010,174.0,,,
2015-12-12,El_Salvador-Cuscatlan,department,SV0010,22.0,,,
2015-12-12,El_Salvador-Chalatenango,department,SV0010,27.0,,,
2015-12-12,El_Salvador-Cabanas,department,SV0010,21.0,,,
2015-12-12,El_Salvador-Ahuachapan,department,SV0010,18.0,,,
2015-12-12,El_Salvador-La_Union,department,SV0010,9.0,,,
2015-12-19,El_Salvador-San_Salvador,department,SV0010,1692.0,,,
2015-12-19,El_Salvador,country,SV0010,2773.0,,,
2015-12-19,El_Salvador-Usulutan,department,SV0010,69.0,,,
2015-12-19,El_Salvador-Sonsonate,department,SV0010,14.0,,,
2015-12-19,El_Salvador-Santa_Ana,department,SV0010,130.0,,,
2015-12-19,El_Salvador-San_Vicente,department,SV0010,221.0,,,
2015-12-19,El_Salvador-San_Miguel,department,SV0010,51.0,,,
2015-12-19,El_Salvador-Cuscatlan,department,SV0010,33.0,,,
2015-12-19,El_Salvador-La_Union,department,SV0010,13.0,,,
2015-12-19,El_Salvador-La_Paz,department,SV0010,60.0,,,
2015-12-19,El_Salvador-La_Libertad,department,SV0010,316.0,,,
2015-12-19,El_Salvador-Morazan,department,SV0010,53.0,,,
2015-12-19,El_Salvador-Chalatenango,department,SV0010,58.0,,,
2015-12-19,El_Salvador-Cabanas,department,SV0010,36.0,,,
2015-12-19,El_Salvador-Ahuachapan,department,SV0010,27.0,,,
2015-12-27,El_Salvador-Usulutan,department,SV0010,78.0,,,
2015-12-27,El_Salvador-Sonsonate,department,SV0010,23.0,,,
2015-12-27,El_Salvador-Santa_Ana,department,SV0010,213.0,,,
2015-12-27,El_Salvador-San_Vicente,department,SV0010,294.0,,,
2015-12-27,El_Salvador-San_Salvador,department,SV0010,2272.0,,,
2015-12-27,El_Salvador-San_Miguel,department,SV0010,58.0,,,
2015-12-27,El_Salvador-Morazan,department,SV0010,65.0,,,
2015-12-27,El_Salvador,country,SV0010,3836.0,,,
2015-12-27,El_Salvador-La_Paz,department,SV0010,75.0,,,
2015-12-27,El_Salvador-La_Libertad,department,SV0010,438.0,,,
2015-12-27,El_Salvador-Cuscatlan,department,SV0010,71.0,,,
2015-12-27,El_Salvador-Chalatenango,department,SV0010,136.0,,,
2015-12-27,El_Salvador-Cabanas,department,SV0010,54.0,,,
2015-12-27,El_Salvador-Ahuachapan,department,SV0010,40.0,,,
2015-12-27,El_Salvador-La_Union,department,SV0010,19.0,,,
2016-01-09,El_Salvador,country,SV0010,492.0,,,
2016-01-09,El_Salvador-Usulutan,department,SV0010,3.0,,,
2016-01-09,El_Salvador-Sonsonate,department,SV0010,10.0,,,
2016-01-09,El_Salvador-Santa_Ana,department,SV0010,61.0,,,
2016-01-09,El_Salvador-San_Vicente,department,SV0010,44.0,,,
2016-01-09,El_Salvador-San_Salvador,department,SV0010,159.0,,,
2016-01-09,El_Salvador-San_Miguel,department,SV0010,13.0,,,
2016-01-09,El_Salvador-Morazan,department,SV0010,2.0,,,
2016-01-09,El_Salvador-La_Paz,department,SV0010,4.0,,,
2016-01-09,El_Salvador-La_Libertad,department,SV0010,89.0,,,
2016-01-09,El_Salvador-Cuscatlan,department,SV0010,47.0,,,
2016-01-09,El_Salvador-Chalatenango,department,SV0010,32.0,,,
2016-01-09,El_Salvador-Cabanas,department,SV0010,19.0,,,
2016-01-09,El_Salvador-Ahuachapan,department,SV0010,11.0,,,
2016-01-09,El_Salvador-La_Union,department,SV0010,2.0,,,
2016-01-16,El_Salvador-San_Salvador,department,SV0010,605.0,,,
2016-01-16,El_Salvador,country,SV0010,1561.0,,,
2016-01-16,El_Salvador-Usulutan,department,SV0010,22.0,,,
2016-01-16,El_Salvador-Sonsonate,department,SV0010,14.0,,,
2016-01-16,El_Salvador-Santa_Ana,department,SV0010,153.0,,,
2016-01-16,El_Salvador-San_Vicente,department,SV0010,87.0,,,
2016-01-16,El_Salvador-San_Miguel,department,SV0010,29.0,,,
2016-01-16,El_Salvador-La_Paz,department,SV0010,39.0,,,
2016-01-16,El_Salvador-La_Union,department,SV0010,6.0,,,
2016-01-16,El_Salvador-Ahuachapan,department,SV0010,29.0,,,
2016-01-16,El_Salvador-Cabanas,department,SV0010,71.0,,,
2016-01-16,El_Salvador-Chalatenango,department,SV0010,110.0,,,
2016-01-16,El_Salvador-Morazan,department,SV0010,14.0,,,
2016-01-16,El_Salvador-La_Libertad,department,SV0010,253.0,,,
2016-01-16,El_Salvador-Cuscatlan,department,SV0010,129.0,,,
2016-01-23,El_Salvador,country,SV0010,2474.0,,,
2016-01-23,El_Salvador-Usulutan,department,SV0010,34.0,,,
2016-01-23,El_Salvador-Sonsonate,department,SV0010,18.0,,,
2016-01-23,El_Salvador-Santa_Ana,department,SV0010,231.0,,,
2016-01-23,El_Salvador-San_Salvador,department,SV0010,1015.0,,,
2016-01-23,El_Salvador-San_Miguel,department,SV0010,53.0,,,
2016-01-23,El_Salvador-Morazan,department,SV0010,36.0,,,
2016-01-23,El_Salvador-San_Vicente,department,SV0010,125.0,,,
2016-01-23,El_Salvador-La_Paz,department,SV0010,53.0,,,
2016-01-23,El_Salvador-La_Libertad,department,SV0010,390.0,,,
2016-01-23,El_Salvador-Cuscatlan,department,SV0010,180.0,,,
2016-01-23,El_Salvador-Chalatenango,department,SV0010,174.0,,,
2016-01-23,El_Salvador-Cabanas,department,SV0010,107.0,,,
2016-01-23,El_Salvador-Ahuachapan,department,SV0010,48.0,,,
2016-01-23,El_Salvador-La_Union,department,SV0010,10.0,,,
2016-01-30,El_Salvador-San_Salvador,department,SV0010,1254.0,,,
2016-01-30,El_Salvador-Guatemala,department,SV0010,2.0,,,
2016-01-30,El_Salvador-Usulutan,department,SV0010,62.0,,,
2016-01-30,El_Salvador,country,SV0010,3302.0,,,
2016-01-30,El_Salvador-Sonsonate,department,SV0010,26.0,,,
2016-01-30,El_Salvador-Santa_Ana,department,SV0010,318.0,,,
2016-01-30,El_Salvador-San_Vicente,department,SV0010,158.0,,,
2016-01-30,El_Salvador-San_Miguel,department,SV0010,69.0,,,
2016-01-30,El_Salvador-Chalatenango,department,SV0010,239.0,,,
2016-01-30,El_Salvador-La_Union,department,SV0010,17.0,,,
2016-01-30,El_Salvador-La_Paz,department,SV0010,77.0,,,
2016-01-30,El_Salvador-La_Libertad,department,SV0010,557.0,,,
2016-01-30,El_Salvador-Cuscatlan,department,SV0010,256.0,,,
2016-01-30,El_Salvador-Cabanas,department,SV0010,149.0,,,
2016-01-30,El_Salvador-Morazan,department,SV0010,52.0,,,
2016-01-30,El_Salvador-Ahuachapan,department,SV0010,67.0,,,
2016-02-06,El_Salvador-San_Salvador,department,SV0010,1582.0,,,
2016-02-06,El_Salvador,country,SV0010,4087.0,,,
2016-02-06,El_Salvador-Guatemala,department,SV0010,2.0,,,
2016-02-06,El_Salvador-Usulutan,department,SV0010,83.0,,,
2016-02-06,El_Salvador-Sonsonate,department,SV0010,37.0,,,
2016-02-06,El_Salvador-Santa_Ana,department,SV0010,382.0,,,
2016-02-06,El_Salvador-San_Vicente,department,SV0010,199.0,,,
2016-02-06,El_Salvador-San_Miguel,department,SV0010,76.0,,,
2016-02-06,El_Salvador-La_Union,department,SV0010,22.0,,,
2016-02-06,El_Salvador-La_Paz,department,SV0010,92.0,,,
2016-02-06,El_Salvador-La_Libertad,department,SV0010,675.0,,,
2016-02-06,El_Salvador-Cuscatlan,department,SV0010,307.0,,,
2016-02-06,El_Salvador-Chalatenango,department,SV0010,301.0,,,
2016-02-06,El_Salvador-Cabanas,department,SV0010,180.0,,,
2016-02-06,El_Salvador-Ahuachapan,department,SV0010,86.0,,,
2016-02-06,El_Salvador-Morazan,department,SV0010,63.0,,,
2016-02-13,El_Salvador-Guatemala,department,SV0010,2.0,,,
2016-02-13,El_Salvador-Usulutan,department,SV0010,105.0,,,
2016-02-13,El_Salvador-Sonsonate,department,SV0010,44.0,,,
2016-02-13,El_Salvador-Santa_Ana,department,SV0010,437.0,,,
2016-02-13,El_Salvador-San_Vicente,department,SV0010,220.0,,,
2016-02-13,El_Salvador-San_Salvador,department,SV0010,1835.0,,,
2016-02-13,El_Salvador-San_Miguel,department,SV0010,86.0,,,
2016-02-13,El_Salvador,country,SV0010,4748.0,,,
2016-02-13,El_Salvador-La_Union,department,SV0010,26.0,,,
2016-02-13,El_Salvador-La_Paz,department,SV0010,99.0,,,
2016-02-13,El_Salvador-La_Libertad,department,SV0010,785.0,,,
2016-02-13,El_Salvador-Cuscatlan,department,SV0010,364.0,,,
2016-02-13,El_Salvador-Chalatenango,department,SV0010,352.0,,,
2016-02-13,El_Salvador-Cabanas,department,SV0010,217.0,,,
2016-02-13,El_Salvador-Ahuachapan,department,SV0010,101.0,,,
2016-02-13,El_Salvador-Morazan,department,SV0010,75.0,,,
2016-02-20,El_Salvador,country,SV0010,5123.0,,,
2016-02-20,El_Salvador-Guatemala,department,SV0010,2.0,,,
2016-02-20,El_Salvador-Usulutan,department,SV0010,109.0,,,
2016-02-20,El_Salvador-Sonsonate,department,SV0010,52.0,,,
2016-02-20,El_Salvador-Santa_Ana,department,SV0010,480.0,,,
2016-02-20,El_Salvador-San_Vicente,department,SV0010,240.0,,,
2016-02-20,El_Salvador-San_Salvador,department,SV0010,1948.0,,,
2016-02-20,El_Salvador-San_Miguel,department,SV0010,99.0,,,
2016-02-20,El_Salvador-Morazan,department,SV0010,86.0,,,
2016-02-20,El_Salvador-La_Paz,department,SV0010,101.0,,,
2016-02-20,El_Salvador-La_Libertad,department,SV0010,856.0,,,
2016-02-20,El_Salvador-Cuscatlan,department,SV0010,400.0,,,
2016-02-20,El_Salvador-Chalatenango,department,SV0010,377.0,,,
2016-02-20,El_Salvador-Cabanas,department,SV0010,236.0,,,
2016-02-20,El_Salvador-Ahuachapan,department,SV0010,110.0,,,
2016-02-20,El_Salvador-La_Union,department,SV0010,27.0,,,
2016-02-27,El_Salvador-San_Vicente,department,SV0010,252.0,,,
2016-02-27,El_Salvador,country,SV0010,5343.0,,,
2016-02-27,El_Salvador-Guatemala,department,SV0010,2.0,,,
2016-02-27,El_Salvador-Usulutan,department,SV0010,114.0,,,
2016-02-27,El_Salvador-Sonsonate,department,SV0010,56.0,,,
2016-02-27,El_Salvador-Santa_Ana,department,SV0010,496.0,,,
2016-02-27,El_Salvador-San_Miguel,department,SV0010,107.0,,,
2016-02-27,El_Salvador-San_Salvador,department,SV0010,2033.0,,,
2016-02-27,El_Salvador-La_Union,department,SV0010,31.0,,,
2016-02-27,El_Salvador-Ahuachapan,department,SV0010,116.0,,,
2016-02-27,El_Salvador-Cabanas,department,SV0010,246.0,,,
2016-02-27,El_Salvador-Chalatenango,department,SV0010,381.0,,,
2016-02-27,El_Salvador-Morazan,department,SV0010,92.0,,,
2016-02-27,El_Salvador-La_Libertad,department,SV0010,897.0,,,
2016-02-27,El_Salvador-La_Paz,department,SV0010,108.0,,,
2016-02-27,El_Salvador-Cuscatlan,department,SV0010,412.0,,,
2016-03-05,El_Salvador-Guatemala,department,SV0010,2.0,,,
2016-03-05,El_Salvador-Usulutan,department,SV0010,118.0,,,
2016-03-05,El_Salvador-Sonsonate,department,SV0010,58.0,,,
2016-03-05,El_Salvador-Santa_Ana,department,SV0010,505.0,,,
2016-03-05,El_Salvador-San_Vicente,department,SV0010,263.0,,,
2016-03-05,El_Salvador-San_Salvador,department,SV0010,2139.0,,,
2016-03-05,El_Salvador-San_Miguel,department,SV0010,115.0,,,
2016-03-05,El_Salvador,country,SV0010,5620.0,,,
2016-03-05,El_Salvador-La_Union,department,SV0010,31.0,,,
2016-03-05,El_Salvador-La_Paz,department,SV0010,116.0,,,
2016-03-05,El_Salvador-La_Libertad,department,SV0010,927.0,,,
2016-03-05,El_Salvador-Cuscatlan,department,SV0010,453.0,,,
2016-03-05,El_Salvador-Chalatenango,department,SV0010,410.0,,,
2016-03-05,El_Salvador-Cabanas,department,SV0010,260.0,,,
2016-03-05,El_Salvador-Ahuachapan,department,SV0010,124.0,,,
2016-03-05,El_Salvador-Morazan,department,SV0010,99.0,,,
2016-03-12,El_Salvador,country,SV0010,5693.0,,,
2016-03-12,El_Salvador-Guatemala,department,SV0010,2.0,,,
2016-03-12,El_Salvador-Usulutan,department,SV0010,118.0,,,
2016-03-12,El_Salvador-Sonsonate,department,SV0010,60.0,,,
2016-03-12,El_Salvador-Santa_Ana,department,SV0010,503.0,,,
2016-03-12,El_Salvador-San_Vicente,department,SV0010,266.0,,,
2016-03-12,El_Salvador-San_Salvador,department,SV0010,2146.0,,,
2016-03-12,El_Salvador-San_Miguel,department,SV0010,118.0,,,
2016-03-12,El_Salvador-Morazan,department,SV0010,101.0,,,
2016-03-12,El_Salvador-La_Paz,department,SV0010,119.0,,,
2016-03-12,El_Salvador-La_Libertad,department,SV0010,943.0,,,
2016-03-12,El_Salvador-Cuscatlan,department,SV0010,459.0,,,
2016-03-12,El_Salvador-Cabanas,department,SV0010,269.0,,,
2016-03-12,El_Salvador-Ahuachapan,department,SV0010,130.0,,,
2016-03-12,El_Salvador-La_Union,department,SV0010,33.0,,,
2016-03-12,El_Salvador-Chalatenango,department,SV0010,426.0,,,
2016-03-26,El_Salvador,country,SV0010,5854.0,,,
2016-03-26,El_Salvador-San_Miguel,department,SV0010,120.0,,,
2016-03-26,El_Salvador-Guatemala,department,SV0010,2.0,,,
2016-03-26,El_Salvador-Usulutan,department,SV0010,122.0,,,
2016-03-26,El_Salvador-Sonsonate,department,SV0010,60.0,,,
2016-03-26,El_Salvador-Santa_Ana,department,SV0010,513.0,,,
2016-03-26,El_Salvador-San_Vicente,department,SV0010,272.0,,,
2016-03-26,El_Salvador-San_Salvador,department,SV0010,2197.0,,,
2016-03-26,El_Salvador-Morazan,department,SV0010,102.0,,,
2016-03-26,El_Salvador-La_Paz,department,SV0010,123.0,,,
2016-03-26,El_Salvador-La_Libertad,department,SV0010,960.0,,,
2016-03-26,El_Salvador-Cuscatlan,department,SV0010,478.0,,,
2016-03-26,El_Salvador-Chalatenango,department,SV0010,452.0,,,
2016-03-26,El_Salvador-Cabanas,department,SV0010,287.0,,,
2016-03-26,El_Salvador-Ahuachapan,department,SV0010,131.0,,,
2016-03-26,El_Salvador-La_Union,department,SV0010,35.0,,,
2016-04-02,El_Salvador-Guatemala,department,SV0010,2.0,,,
2016-04-02,El_Salvador-Usulutan,department,SV0010,123.0,,,
2016-04-02,El_Salvador-Sonsonate,department,SV0010,62.0,,,
2016-04-02,El_Salvador-Santa_Ana,department,SV0010,517.0,,,
2016-04-02,El_Salvador-San_Vicente,department,SV0010,273.0,,,
2016-04-02,El_Salvador-San_Salvador,department,SV0010,2228.0,,,
2016-04-02,El_Salvador-San_Miguel,department,SV0010,124.0,,,
2016-04-02,El_Salvador,country,SV0010,5936.0,,,
2016-04-02,El_Salvador-La_Union,department,SV0010,35.0,,,
2016-04-02,El_Salvador-La_Paz,department,SV0010,126.0,,,
2016-04-02,El_Salvador-La_Libertad,department,SV0010,975.0,,,
2016-04-02,El_Salvador-Cuscatlan,department,SV0010,488.0,,,
2016-04-02,El_Salvador-Chalatenango,department,SV0010,459.0,,,
2016-04-02,El_Salvador-Cabanas,department,SV0010,288.0,,,
2016-04-02,El_Salvador-Ahuachapan,department,SV0010,132.0,,,
2016-04-02,El_Salvador-Morazan,department,SV0010,104.0,,,
2016-04-09,El_Salvador,country,SV0010,6003.0,,,
2016-04-09,El_Salvador-Guatemala,department,SV0010,2.0,,,
2016-04-09,El_Salvador-Usulutan,department,SV0010,127.0,,,
2016-04-09,El_Salvador-Sonsonate,department,SV0010,63.0,,,
2016-04-09,El_Salvador-Santa_Ana,department,SV0010,522.0,,,
2016-04-09,El_Salvador-San_Vicente,department,SV0010,276.0,,,
2016-04-09,El_Salvador-San_Salvador,department,SV0010,2247.0,,,
2016-04-09,El_Salvador-San_Miguel,department,SV0010,124.0,,,
2016-04-09,El_Salvador-Morazan,department,SV0010,105.0,,,
2016-04-09,El_Salvador-La_Paz,department,SV0010,132.0,,,
2016-04-09,El_Salvador-La_Libertad,department,SV0010,982.0,,,
2016-04-09,El_Salvador-Cuscatlan,department,SV0010,493.0,,,
2016-04-09,El_Salvador-Chalatenango,department,SV0010,469.0,,,
2016-04-09,El_Salvador-Cabanas,department,SV0010,294.0,,,
2016-04-09,El_Salvador-Ahuachapan,department,SV0010,132.0,,,
2016-04-09,El_Salvador-La_Union,department,SV0010,35.0,,,
2016-04-16,El_Salvador,country,SV0010,6137.0,,,
2016-04-16,El_Salvador-Guatemala,department,SV0010,2.0,,,
2016-04-16,El_Salvador-Usulutan,department,SV0010,131.0,,,
2016-04-16,El_Salvador-Sonsonate,department,SV0010,67.0,,,
2016-04-16,El_Salvador-Santa_Ana,department,SV0010,534.0,,,
2016-04-16,El_Salvador-San_Vicente,department,SV0010,280.0,,,
2016-04-16,El_Salvador-San_Miguel,department,SV0010,128.0,,,
2016-04-16,El_Salvador-San_Salvador,department,SV0010,2301.0,,,
2016-04-16,El_Salvador-La_Union,department,SV0010,36.0,,,
2016-04-16,El_Salvador-La_Paz,department,SV0010,131.0,,,
2016-04-16,El_Salvador-La_Libertad,department,SV0010,999.0,,,
2016-04-16,El_Salvador-Cuscatlan,department,SV0010,506.0,,,
2016-04-16,El_Salvador-Chalatenango,department,SV0010,476.0,,,
2016-04-16,El_Salvador-Cabanas,department,SV0010,306.0,,,
2016-04-16,El_Salvador-Ahuachapan,department,SV0010,132.0,,,
2016-04-16,El_Salvador-Morazan,department,SV0010,108.0,,,
2016-04-23,El_Salvador-Guatemala,department,SV0010,2.0,,,
2016-04-23,El_Salvador-Usulutan,department,SV0010,133.0,,,
2016-04-23,El_Salvador-Sonsonate,department,SV0010,69.0,,,
2016-04-23,El_Salvador-Santa_Ana,department,SV0010,536.0,,,
2016-04-23,El_Salvador-San_Vicente,department,SV0010,282.0,,,
2016-04-23,El_Salvador-San_Salvador,department,SV0010,2334.0,,,
2016-04-23,El_Salvador-San_Miguel,department,SV0010,129.0,,,
2016-04-23,El_Salvador,country,SV0010,6206.0,,,
2016-04-23,El_Salvador-La_Union,department,SV0010,36.0,,,
2016-04-23,El_Salvador-La_Paz,department,SV0010,131.0,,,
2016-04-23,El_Salvador-La_Libertad,department,SV0010,1005.0,,,
2016-04-23,El_Salvador-Cuscatlan,department,SV0010,511.0,,,
2016-04-23,El_Salvador-Chalatenango,department,SV0010,484.0,,,
2016-04-23,El_Salvador-Cabanas,department,SV0010,313.0,,,
2016-04-23,El_Salvador-Ahuachapan,department,SV0010,131.0,,,
2016-04-23,El_Salvador-Morazan,department,SV0010,110.0,,,
2016-04-30,El_Salvador,country,SV0010,6316.0,,,
2016-04-30,El_Salvador-Guatemala,department,SV0010,2.0,,,
2016-04-30,El_Salvador-Usulutan,department,SV0010,135.0,,,
2016-04-30,El_Salvador-Sonsonate,department,SV0010,71.0,,,
2016-04-30,El_Salvador-Santa_Ana,department,SV0010,537.0,,,
2016-04-30,El_Salvador-San_Vicente,department,SV0010,285.0,,,
2016-04-30,El_Salvador-San_Salvador,department,SV0010,2390.0,,,
2016-04-30,El_Salvador-San_Miguel,department,SV0010,133.0,,,
2016-04-30,El_Salvador-Morazan,department,SV0010,110.0,,,
2016-04-30,El_Salvador-La_Paz,department,SV0010,133.0,,,
2016-04-30,El_Salvador-La_Libertad,department,SV0010,1017.0,,,
2016-04-30,El_Salvador-Cuscatlan,department,SV0010,517.0,,,
2016-04-30,El_Salvador-Chalatenango,department,SV0010,498.0,,,
2016-04-30,El_Salvador-Cabanas,department,SV0010,319.0,,,
2016-04-30,El_Salvador-Ahuachapan,department,SV0010,131.0,,,
2016-04-30,El_Salvador-La_Union,department,SV0010,38.0,,,
2016-05-07,El_Salvador,country,SV0010,6398.0,,,
2016-05-07,El_Salvador-Honduras,department,SV0010,1.0,,,
2016-05-07,El_Salvador-Guatemala,department,SV0010,2.0,,,
2016-05-07,El_Salvador-Usulutan,department,SV0010,135.0,,,
2016-05-07,El_Salvador-Sonsonate,department,SV0010,75.0,,,
2016-05-07,El_Salvador-Santa_Ana,department,SV0010,537.0,,,
2016-05-07,El_Salvador-San_Vicente,department,SV0010,287.0,,,
2016-05-07,El_Salvador-San_Miguel,department,SV0010,135.0,,,
2016-05-07,El_Salvador-San_Salvador,department,SV0010,2405.0,,,
2016-05-07,El_Salvador-La_Union,department,SV0010,39.0,,,
2016-05-07,El_Salvador-La_Paz,department,SV0010,136.0,,,
2016-05-07,El_Salvador-La_Libertad,department,SV0010,1031.0,,,
2016-05-07,El_Salvador-Cuscatlan,department,SV0010,525.0,,,
2016-05-07,El_Salvador-Chalatenango,department,SV0010,512.0,,,
2016-05-07,El_Salvador-Cabanas,department,SV0010,334.0,,,
2016-05-07,El_Salvador-Ahuachapan,department,SV0010,134.0,,,
2016-05-07,El_Salvador-Morazan,department,SV0010,110.0,,,
2016-05-14,El_Salvador-Honduras,department,SV0010,1.0,,,
2016-05-14,El_Salvador-Guatemala,department,SV0010,2.0,,,
2016-05-14,El_Salvador-Usulutan,department,SV0010,137.0,,,
2016-05-14,El_Salvador-Sonsonate,department,SV0010,75.0,,,
2016-05-14,El_Salvador-Santa_Ana,department,SV0010,544.0,,,
2016-05-14,El_Salvador-San_Vicente,department,SV0010,287.0,,,
2016-05-14,El_Salvador-San_Salvador,department,SV0010,2416.0,,,
2016-05-14,El_Salvador-San_Miguel,department,SV0010,139.0,,,
2016-05-14,El_Salvador,country,SV0010,6440.0,,,
2016-05-14,El_Salvador-La_Union,department,SV0010,40.0,,,
2016-05-14,El_Salvador-La_Paz,department,SV0010,136.0,,,
2016-05-14,El_Salvador-La_Libertad,department,SV0010,1034.0,,,
2016-05-14,El_Salvador-Cuscatlan,department,SV0010,534.0,,,
2016-05-14,El_Salvador-Chalatenango,department,SV0010,512.0,,,
2016-05-14,El_Salvador-Cabanas,department,SV0010,335.0,,,
2016-05-14,El_Salvador-Ahuachapan,department,SV0010,136.0,,,
2016-05-14,El_Salvador-Morazan,department,SV0010,111.0,,,
2016-05-21,El_Salvador,country,SV0010,6491.0,,,
2016-05-21,El_Salvador-Honduras,department,SV0010,1.0,,,
2016-05-21,El_Salvador-Guatemala,department,SV0010,2.0,,,
2016-05-21,El_Salvador-Usulutan,department,SV0010,139.0,,,
2016-05-21,El_Salvador-Sonsonate,department,SV0010,76.0,,,
2016-05-21,El_Salvador-Santa_Ana,department,SV0010,545.0,,,
2016-05-21,El_Salvador-San_Vicente,department,SV0010,292.0,,,
2016-05-21,El_Salvador-San_Salvador,department,SV0010,2426.0,,,
2016-05-21,El_Salvador-San_Miguel,department,SV0010,146.0,,,
2016-05-21,El_Salvador-La_Union,department,SV0010,42.0,,,
2016-05-21,El_Salvador-La_Paz,department,SV0010,136.0,,,
2016-05-21,El_Salvador-La_Libertad,department,SV0010,1036.0,,,
2016-05-21,El_Salvador-Cuscatlan,department,SV0010,540.0,,,
2016-05-21,El_Salvador-Chalatenango,department,SV0010,524.0,,,
2016-05-21,El_Salvador-Cabanas,department,SV0010,338.0,,,
2016-05-21,El_Salvador-Ahuachapan,department,SV0010,136.0,,,
2016-05-21,El_Salvador-Morazan,department,SV0010,112.0,,,
2016-05-28,El_Salvador-San_Vicente,department,SV0010,293.0,,,
2016-05-28,El_Salvador,country,SV0010,6571.0,,,
2016-05-28,El_Salvador-Honduras,department,SV0010,1.0,,,
2016-05-28,El_Salvador-Guatemala,department,SV0010,2.0,,,
2016-05-28,El_Salvador-Usulutan,department,SV0010,142.0,,,
2016-05-28,El_Salvador-Sonsonate,department,SV0010,79.0,,,
2016-05-28,El_Salvador-Santa_Ana,department,SV0010,547.0,,,
2016-05-28,El_Salvador-San_Miguel,department,SV0010,152.0,,,
2016-05-28,El_Salvador-San_Salvador,department,SV0010,2456.0,,,
2016-05-28,El_Salvador-Morazan,department,SV0010,112.0,,,
2016-05-28,El_Salvador-La_Union,department,SV0010,47.0,,,
2016-05-28,El_Salvador-La_Paz,department,SV0010,138.0,,,
2016-05-28,El_Salvador-La_Libertad,department,SV0010,1044.0,,,
2016-05-28,El_Salvador-Cuscatlan,department,SV0010,540.0,,,
2016-05-28,El_Salvador-Chalatenango,department,SV0010,535.0,,,
2016-05-28,El_Salvador-Cabanas,department,SV0010,346.0,,,
2016-05-28,El_Salvador-Ahuachapan,department,SV0010,137.0,,,
2016-06-04,El_Salvador-Santa_Ana,department,SV0010,552.0,,,
2016-06-04,El_Salvador-Sonsonate,department,SV0010,80.0,,,
2016-06-04,El_Salvador-Usulutan,department,SV0010,144.0,,,
2016-06-04,El_Salvador-San_Miguel,department,SV0010,154.0,,,
2016-06-04,El_Salvador-Honduras,department,SV0010,1.0,,,
2016-06-04,El_Salvador,country,SV0010,6640.0,,,
2016-06-04,El_Salvador-San_Vicente,department,SV0010,293.0,,,
2016-06-04,El_Salvador-Guatemala,department,SV0010,3.0,,,
2016-06-04,El_Salvador-San_Salvador,department,SV0010,2477.0,,,
2016-06-04,El_Salvador-La_Paz,department,SV0010,138.0,,,
2016-06-04,El_Salvador-Morazan,department,SV0010,113.0,,,
2016-06-04,El_Salvador-La_Union,department,SV0010,49.0,,,
2016-06-04,El_Salvador-La_Libertad,department,SV0010,1053.0,,,
2016-06-04,El_Salvador-Cuscatlan,department,SV0010,547.0,,,
2016-06-04,El_Salvador-Chalatenango,department,SV0010,548.0,,,
2016-06-04,El_Salvador-Cabanas,department,SV0010,350.0,,,
2016-06-04,El_Salvador-Ahuachapan,department,SV0010,138.0,,,
2016-06-11,El_Salvador-Santa_Ana,department,SV0010,555.0,,,
2016-06-11,El_Salvador-San_Vicente,department,SV0010,300.0,,,
2016-06-11,El_Salvador-Sonsonate,department,SV0010,83.0,,,
2016-06-11,El_Salvador,country,SV0010,6696.0,,,
2016-06-11,El_Salvador-Honduras,department,SV0010,1.0,,,
2016-06-11,El_Salvador-San_Salvador,department,SV0010,2487.0,,,
2016-06-11,El_Salvador-Usulutan,department,SV0010,146.0,,,
2016-06-11,El_Salvador-San_Miguel,department,SV0010,155.0,,,
2016-06-11,El_Salvador-Guatemala,department,SV0010,3.0,,,
2016-06-11,El_Salvador-La_Union,department,SV0010,49.0,,,
2016-06-11,El_Salvador-La_Paz,department,SV0010,139.0,,,
2016-06-11,El_Salvador-La_Libertad,department,SV0010,1058.0,,,
2016-06-11,El_Salvador-Cuscatlan,department,SV0010,553.0,,,
2016-06-11,El_Salvador-Chalatenango,department,SV0010,561.0,,,
2016-06-11,El_Salvador-Ahuachapan,department,SV0010,138.0,,,
2016-06-11,El_Salvador-Cabanas,department,SV0010,354.0,,,
2016-06-11,El_Salvador-Morazan,department,SV0010,114.0,,,
2016-06-18,El_Salvador,country,SV0010,6754.0,,,
2016-06-18,El_Salvador-Honduras,department,SV0010,1.0,,,
2016-06-18,El_Salvador-Usulutan,department,SV0010,149.0,,,
2016-06-18,El_Salvador-Sonsonate,department,SV0010,85.0,,,
2016-06-18,El_Salvador-Santa_Ana,department,SV0010,557.0,,,
2016-06-18,El_Salvador-San_Vicente,department,SV0010,301.0,,,
2016-06-18,El_Salvador-San_Salvador,department,SV0010,2500.0,,,
2016-06-18,El_Salvador-San_Miguel,department,SV0010,160.0,,,
2016-06-18,El_Salvador-Guatemala,department,SV0010,3.0,,,
2016-06-18,El_Salvador-La_Union,department,SV0010,49.0,,,
2016-06-18,El_Salvador-La_Paz,department,SV0010,140.0,,,
2016-06-18,El_Salvador-La_Libertad,department,SV0010,1063.0,,,
2016-06-18,El_Salvador-Cuscatlan,department,SV0010,559.0,,,
2016-06-18,El_Salvador-Chalatenango,department,SV0010,570.0,,,
2016-06-18,El_Salvador-Cabanas,department,SV0010,356.0,,,
2016-06-18,El_Salvador-Ahuachapan,department,SV0010,140.0,,,
2016-06-18,El_Salvador-Morazan,department,SV0010,121.0,,,
2016-06-25,El_Salvador,country,SV0010,6848.0,,,
2016-06-25,El_Salvador-Honduras,department,SV0010,1.0,,,
2016-06-25,El_Salvador-Guatemala,department,SV0010,3.0,,,
2016-06-25,El_Salvador-Usulutan,department,SV0010,152.0,,,
2016-06-25,El_Salvador-Sonsonate,department,SV0010,86.0,,,
2016-06-25,El_Salvador-Santa_Ana,department,SV0010,562.0,,,
2016-06-25,El_Salvador-San_Vicente,department,SV0010,303.0,,,
2016-06-25,El_Salvador-San_Salvador,department,SV0010,2515.0,,,
2016-06-25,El_Salvador-La_Paz,department,SV0010,141.0,,,
2016-06-25,El_Salvador-Morazan,department,SV0010,123.0,,,
2016-06-25,El_Salvador-La_Union,department,SV0010,49.0,,,
2016-06-25,El_Salvador-La_Libertad,department,SV0010,1053.0,,,
2016-06-25,El_Salvador-Cuscatlan,department,SV0010,570.0,,,
2016-06-25,El_Salvador-Chalatenango,department,SV0010,588.0,,,
2016-06-25,El_Salvador-Cabanas,department,SV0010,364.0,,,
2016-06-25,El_Salvador-Ahuachapan,department,SV0010,140.0,,,
2016-06-25,El_Salvador-San_Miguel,department,SV0010,181.0,,,
2016-07-02,El_Salvador-San_Vicente,department,SV0010,308.0,,,
2016-07-02,El_Salvador-Santa_Ana,department,SV0010,563.0,,,
2016-07-02,El_Salvador-Sonsonate,department,SV0010,88.0,,,
2016-07-02,El_Salvador,country,SV0010,6924.0,,,
2016-07-02,El_Salvador-Honduras,department,SV0010,1.0,,,
2016-07-02,El_Salvador-San_Salvador,department,SV0010,2534.0,,,
2016-07-02,El_Salvador-Usulutan,department,SV0010,156.0,,,
2016-07-02,El_Salvador-San_Miguel,department,SV0010,189.0,,,
2016-07-02,El_Salvador-Guatemala,department,SV0010,3.0,,,
2016-07-02,El_Salvador-La_Union,department,SV0010,49.0,,,
2016-07-02,El_Salvador-La_Paz,department,SV0010,141.0,,,
2016-07-02,El_Salvador-La_Libertad,department,SV0010,1074.0,,,
2016-07-02,El_Salvador-Cuscatlan,department,SV0010,580.0,,,
2016-07-02,El_Salvador-Chalatenango,department,SV0010,601.0,,,
2016-07-02,El_Salvador-Ahuachapan,department,SV0010,142.0,,,
2016-07-02,El_Salvador-Cabanas,department,SV0010,369.0,,,
2016-07-02,El_Salvador-Morazan,department,SV0010,126.0,,,
2016-07-09,El_Salvador-Honduras,department,SV0010,1.0,,,
2016-07-09,El_Salvador-Guatemala,department,SV0010,3.0,,,
2016-07-09,El_Salvador-Usulutan,department,SV0010,157.0,,,
2016-07-09,El_Salvador-Sonsonate,department,SV0010,89.0,,,
2016-07-09,El_Salvador-Santa_Ana,department,SV0010,564.0,,,
2016-07-09,El_Salvador-San_Vicente,department,SV0010,309.0,,,
2016-07-09,El_Salvador-San_Salvador,department,SV0010,2547.0,,,
2016-07-09,El_Salvador-San_Miguel,department,SV0010,193.0,,,
2016-07-09,El_Salvador,country,SV0010,6970.0,,,
2016-07-09,El_Salvador-La_Union,department,SV0010,52.0,,,
2016-07-09,El_Salvador-La_Paz,department,SV0010,144.0,,,
2016-07-09,El_Salvador-La_Libertad,department,SV0010,1078.0,,,
2016-07-09,El_Salvador-Cuscatlan,department,SV0010,583.0,,,
2016-07-09,El_Salvador-Chalatenango,department,SV0010,607.0,,,
2016-07-09,El_Salvador-Cabanas,department,SV0010,373.0,,,
2016-07-09,El_Salvador-Ahuachapan,department,SV0010,142.0,,,
2016-07-09,El_Salvador-Morazan,department,SV0010,128.0,,,
2016-07-16,El_Salvador,country,SV0010,7025.0,,,
2016-07-16,El_Salvador-Honduras,department,SV0010,1.0,,,
2016-07-16,El_Salvador-Guatemala,department,SV0010,3.0,,,
2016-07-16,El_Salvador-Usulutan,department,SV0010,163.0,,,
2016-07-16,El_Salvador-Sonsonate,department,SV0010,89.0,,,
2016-07-16,El_Salvador-Santa_Ana,department,SV0010,568.0,,,
2016-07-16,El_Salvador-San_Vicente,department,SV0010,312.0,,,
2016-07-16,El_Salvador-San_Salvador,department,SV0010,2561.0,,,
2016-07-16,El_Salvador-San_Miguel,department,SV0010,195.0,,,
2016-07-16,El_Salvador-La_Union,department,SV0010,52.0,,,
2016-07-16,El_Salvador-La_Paz,department,SV0010,146.0,,,
2016-07-16,El_Salvador-La_Libertad,department,SV0010,1086.0,,,
2016-07-16,El_Salvador-Cuscatlan,department,SV0010,588.0,,,
2016-07-16,El_Salvador-Chalatenango,department,SV0010,612.0,,,
2016-07-16,El_Salvador-Cabanas,department,SV0010,377.0,,,
2016-07-16,El_Salvador-Ahuachapan,department,SV0010,142.0,,,
2016-07-16,El_Salvador-Morazan,department,SV0010,129.0,,,
2016-07-23,El_Salvador-San_Vicente,department,SV0010,314.0,,,
2016-07-23,El_Salvador-Honduras,department,SV0010,2.0,,,
2016-07-23,El_Salvador-Guatemala,department,SV0010,3.0,,,
2016-07-23,El_Salvador-Usulutan,department,SV0010,168.0,,,
2016-07-23,El_Salvador-Sonsonate,department,SV0010,90.0,,,
2016-07-23,El_Salvador-Santa_Ana,department,SV0010,570.0,,,
2016-07-23,El_Salvador,country,SV0010,7063.0,,,
2016-07-23,El_Salvador-San_Salvador,department,SV0010,2568.0,,,
2016-07-23,El_Salvador-La_Paz,department,SV0010,147.0,,,
2016-07-23,El_Salvador-Morazan,department,SV0010,130.0,,,
2016-07-23,El_Salvador-La_Union,department,SV0010,52.0,,,
2016-07-23,El_Salvador-La_Libertad,department,SV0010,1092.0,,,
2016-07-23,El_Salvador-Cuscatlan,department,SV0010,591.0,,,
2016-07-23,El_Salvador-Chalatenango,department,SV0010,616.0,,,
2016-07-23,El_Salvador-Cabanas,department,SV0010,379.0,,,
2016-07-23,El_Salvador-Ahuachapan,department,SV0010,142.0,,,
2016-07-23,El_Salvador-San_Miguel,department,SV0010,199.0,,,
2016-08-06,El_Salvador,country,SV0010,7123.0,,,
2016-08-06,El_Salvador-Honduras,department,SV0010,2.0,,,
2016-08-06,El_Salvador-Usulutan,department,SV0010,168.0,,,
2016-08-06,El_Salvador-Sonsonate,department,SV0010,93.0,,,
2016-08-06,El_Salvador-Santa_Ana,department,SV0010,573.0,,,
2016-08-06,El_Salvador-San_Vicente,department,SV0010,314.0,,,
2016-08-06,El_Salvador-San_Salvador,department,SV0010,2586.0,,,
2016-08-06,El_Salvador-San_Miguel,department,SV0010,203.0,,,
2016-08-06,El_Salvador-Guatemala,department,SV0010,3.0,,,
2016-08-06,El_Salvador-La_Union,department,SV0010,52.0,,,
2016-08-06,El_Salvador-La_Paz,department,SV0010,151.0,,,
2016-08-06,El_Salvador-La_Libertad,department,SV0010,1097.0,,,
2016-08-06,El_Salvador-Cuscatlan,department,SV0010,598.0,,,
2016-08-06,El_Salvador-Chalatenango,department,SV0010,627.0,,,
2016-08-06,El_Salvador-Cabanas,department,SV0010,381.0,,,
2016-08-06,El_Salvador-Ahuachapan,department,SV0010,143.0,,,
2016-08-06,El_Salvador-Morazan,department,SV0010,132.0,,,
2016-08-13,El_Salvador,country,SV0010,7179.0,,,
2016-08-13,El_Salvador-Honduras,department,SV0010,2.0,,,
2016-08-13,El_Salvador-Guatemala,department,SV0010,3.0,,,
2016-08-13,El_Salvador-Usulutan,department,SV0010,175.0,,,
2016-08-13,El_Salvador-Sonsonate,department,SV0010,93.0,,,
2016-08-13,El_Salvador-Santa_Ana,department,SV0010,578.0,,,
2016-08-13,El_Salvador-San_Vicente,department,SV0010,315.0,,,
2016-08-13,El_Salvador-San_Salvador,department,SV0010,2602.0,,,
2016-08-13,El_Salvador-La_Paz,department,SV0010,152.0,,,
2016-08-13,El_Salvador-Morazan,department,SV0010,132.0,,,
2016-08-13,El_Salvador-La_Union,department,SV0010,53.0,,,
2016-08-13,El_Salvador-La_Libertad,department,SV0010,1102.0,,,
2016-08-13,El_Salvador-Cuscatlan,department,SV0010,601.0,,,
2016-08-13,El_Salvador-Chalatenango,department,SV0010,632.0,,,
2016-08-13,El_Salvador-Cabanas,department,SV0010,387.0,,,
2016-08-13,El_Salvador-Ahuachapan,department,SV0010,144.0,,,
2016-08-13,El_Salvador-San_Miguel,department,SV0010,208.0,,,
2016-08-20,El_Salvador-San_Vicente,department,SV0010,316.0,,,
2016-08-20,El_Salvador-Santa_Ana,department,SV0010,582.0,,,
2016-08-20,El_Salvador-Sonsonate,department,SV0010,95.0,,,
2016-08-20,El_Salvador,country,SV0010,7222.0,,,
2016-08-20,El_Salvador-Honduras,department,SV0010,2.0,,,
2016-08-20,El_Salvador-San_Salvador,department,SV0010,2615.0,,,
2016-08-20,El_Salvador-Usulutan,department,SV0010,176.0,,,
2016-08-20,El_Salvador-San_Miguel,department,SV0010,211.0,,,
2016-08-20,El_Salvador-Guatemala,department,SV0010,3.0,,,
2016-08-20,El_Salvador-La_Union,department,SV0010,54.0,,,
2016-08-20,El_Salvador-La_Paz,department,SV0010,152.0,,,
2016-08-20,El_Salvador-La_Libertad,department,SV0010,1107.0,,,
2016-08-20,El_Salvador-Cuscatlan,department,SV0010,605.0,,,
2016-08-20,El_Salvador-Chalatenango,department,SV0010,636.0,,,
2016-08-20,El_Salvador-Morazan,department,SV0010,136.0,,,
2016-08-20,El_Salvador-Cabanas,department,SV0010,388.0,,,
2016-08-20,El_Salvador-Ahuachapan,department,SV0010,144.0,,,
2016-08-27,El_Salvador-Honduras,department,SV0010,2.0,,,
2016-08-27,El_Salvador-Guatemala,department,SV0010,3.0,,,
2016-08-27,El_Salvador-Usulutan,department,SV0010,177.0,,,
2016-08-27,El_Salvador-Sonsonate,department,SV0010,96.0,,,
2016-08-27,El_Salvador-Santa_Ana,department,SV0010,583.0,,,
2016-08-27,El_Salvador-San_Vicente,department,SV0010,316.0,,,
2016-08-27,El_Salvador-San_Salvador,department,SV0010,2629.0,,,
2016-08-27,El_Salvador-San_Miguel,department,SV0010,212.0,,,
2016-08-27,El_Salvador,country,SV0010,7262.0,,,
2016-08-27,El_Salvador-La_Union,department,SV0010,54.0,,,
2016-08-27,El_Salvador-La_Paz,department,SV0010,155.0,,,
2016-08-27,El_Salvador-La_Libertad,department,SV0010,1112.0,,,
2016-08-27,El_Salvador-Cuscatlan,department,SV0010,611.0,,,
2016-08-27,El_Salvador-Chalatenango,department,SV0010,640.0,,,
2016-08-27,El_Salvador-Cabanas,department,SV0010,393.0,,,
2016-08-27,El_Salvador-Ahuachapan,department,SV0010,144.0,,,
2016-08-27,El_Salvador-Morazan,department,SV0010,135.0,,,
2016-09-03,El_Salvador,country,SV0010,7297.0,,,
2016-09-03,El_Salvador-Honduras,department,SV0010,2.0,,,
2016-09-03,El_Salvador-Guatemala,department,SV0010,3.0,,,
2016-09-03,El_Salvador-Usulutan,department,SV0010,178.0,,,
2016-09-03,El_Salvador-Sonsonate,department,SV0010,98.0,,,
2016-09-03,El_Salvador-Santa_Ana,department,SV0010,585.0,,,
2016-09-03,El_Salvador-San_Vicente,department,SV0010,316.0,,,
2016-09-03,El_Salvador-San_Salvador,department,SV0010,2640.0,,,
2016-09-03,El_Salvador-San_Miguel,department,SV0010,214.0,,,
2016-09-03,El_Salvador-La_Union,department,SV0010,55.0,,,
2016-09-03,El_Salvador-La_Paz,department,SV0010,156.0,,,
2016-09-03,El_Salvador-La_Libertad,department,SV0010,1116.0,,,
2016-09-03,El_Salvador-Cuscatlan,department,SV0010,614.0,,,
2016-09-03,El_Salvador-Chalatenango,department,SV0010,642.0,,,
2016-09-03,El_Salvador-Cabanas,department,SV0010,396.0,,,
2016-09-03,El_Salvador-Ahuachapan,department,SV0010,145.0,,,
2016-09-03,El_Salvador-Morazan,department,SV0010,137.0,,,
2016-09-10,El_Salvador-San_Vicente,department,SV0010,319.0,,,
2016-09-10,El_Salvador,country,SV0010,7342.0,,,
2016-09-10,El_Salvador-Honduras,department,SV0010,2.0,,,
2016-09-10,El_Salvador-Guatemala,department,SV0010,3.0,,,
2016-09-10,El_Salvador-Usulutan,department,SV0010,181.0,,,
2016-09-10,El_Salvador-Sonsonate,department,SV0010,99.0,,,
2016-09-10,El_Salvador-Santa_Ana,department,SV0010,588.0,,,
2016-09-10,El_Salvador-San_Salvador,department,SV0010,2650.0,,,
2016-09-10,El_Salvador-San_Miguel,department,SV0010,216.0,,,
2016-09-10,El_Salvador-Morazan,department,SV0010,137.0,,,
2016-09-10,El_Salvador-La_Union,department,SV0010,59.0,,,
2016-09-10,El_Salvador-La_Paz,department,SV0010,158.0,,,
2016-09-10,El_Salvador-La_Libertad,department,SV0010,1121.0,,,
2016-09-10,El_Salvador-Cuscatlan,department,SV0010,621.0,,,
2016-09-10,El_Salvador-Chalatenango,department,SV0010,645.0,,,
2016-09-10,El_Salvador-Cabanas,department,SV0010,397.0,,,
2016-09-10,El_Salvador-Ahuachapan,department,SV0010,146.0,,,
2016-09-17,El_Salvador-Honduras,department,SV0010,2.0,,,
2016-09-17,El_Salvador-Guatemala,department,SV0010,3.0,,,
2016-09-17,El_Salvador-Sonsonate,department,SV0010,99.0,,,
2016-09-17,El_Salvador-La_Union,department,SV0010,58.0,,,
2016-09-17,El_Salvador-Ahuachapan,department,SV0010,148.0,,,
2016-09-17,El_Salvador-San_Miguel,department,SV0010,218.0,,,
2016-09-17,El_Salvador-La_Paz,department,SV0010,161.0,,,
2016-09-17,El_Salvador-Usulutan,department,SV0010,183.0,,,
2016-09-17,El_Salvador,country,SV0010,7367.0,,,
2016-09-17,El_Salvador-Santa_Ana,department,SV0010,592.0,,,
2016-09-17,El_Salvador-La_Libertad,department,SV0010,1123.0,,,
2016-09-17,El_Salvador-San_Salvador,department,SV0010,2655.0,,,
2016-09-17,El_Salvador-San_Vicente,department,SV0010,320.0,,,
2016-09-17,El_Salvador-Cuscatlan,department,SV0010,623.0,,,
2016-09-17,El_Salvador-Cabanas,department,SV0010,399.0,,,
2016-09-17,El_Salvador-Chalatenango,department,SV0010,645.0,,,
2016-09-17,El_Salvador-Morazan,department,SV0010,137.0,,,
2016-09-24,El_Salvador,country,SV0010,7379.0,,,
2016-09-24,El_Salvador-Honduras,department,SV0010,2.0,,,
2016-09-24,El_Salvador-Guatemala,department,SV0010,3.0,,,
2016-09-24,El_Salvador-Sonsonate,department,SV0010,99.0,,,
2016-09-24,El_Salvador-La_Union,department,SV0010,58.0,,,
2016-09-24,El_Salvador-Ahuachapan,department,SV0010,147.0,,,
2016-09-24,El_Salvador-San_Miguel,department,SV0010,218.0,,,
2016-09-24,El_Salvador-La_Paz,department,SV0010,161.0,,,
2016-09-24,El_Salvador-Usulutan,department,SV0010,185.0,,,
2016-09-24,El_Salvador-Santa_Ana,department,SV0010,593.0,,,
2016-09-24,El_Salvador-La_Libertad,department,SV0010,1128.0,,,
2016-09-24,El_Salvador-San_Salvador,department,SV0010,2658.0,,,
2016-09-24,El_Salvador-San_Vicente,department,SV0010,322.0,,,
2016-09-24,El_Salvador-Cuscatlan,department,SV0010,622.0,,,
2016-09-24,El_Salvador-Cabanas,department,SV0010,400.0,,,
2016-09-24,El_Salvador-Chalatenango,department,SV0010,645.0,,,
2016-09-24,El_Salvador-Morazan,department,SV0010,138.0,,,
2016-10-01,El_Salvador-San_Miguel,department,SV0010,219.0,,,
2016-10-01,El_Salvador-Honduras,department,SV0010,2.0,,,
2016-10-01,El_Salvador-Guatemala,department,SV0010,3.0,,,
2016-10-01,El_Salvador-Sonsonate,department,SV0010,100.0,,,
2016-10-01,El_Salvador-La_Union,department,SV0010,58.0,,,
2016-10-01,El_Salvador-Ahuachapan,department,SV0010,148.0,,,
2016-10-01,El_Salvador,country,SV0010,7398.0,,,
2016-10-01,El_Salvador-La_Paz,department,SV0010,161.0,,,
2016-10-01,El_Salvador-La_Libertad,department,SV0010,1132.0,,,
2016-10-01,El_Salvador-Morazan,department,SV0010,138.0,,,
2016-10-01,El_Salvador-Santa_Ana,department,SV0010,596.0,,,
2016-10-01,El_Salvador-San_Salvador,department,SV0010,2663.0,,,
2016-10-01,El_Salvador-San_Vicente,department,SV0010,324.0,,,
2016-10-01,El_Salvador-Cuscatlan,department,SV0010,623.0,,,
2016-10-01,El_Salvador-Cabanas,department,SV0010,400.0,,,
2016-10-01,El_Salvador-Chalatenango,department,SV0010,646.0,,,
2016-10-01,El_Salvador-Usulutan,department,SV0010,185.0,,,
2016-10-08,El_Salvador-Honduras,department,SV0010,2.0,,,
2016-10-08,El_Salvador-Guatemala,department,SV0010,3.0,,,
2016-10-08,El_Salvador-Sonsonate,department,SV0010,101.0,,,
2016-10-08,El_Salvador-La_Union,department,SV0010,59.0,,,
2016-10-08,El_Salvador-Ahuachapan,department,SV0010,149.0,,,
2016-10-08,El_Salvador-San_Miguel,department,SV0010,219.0,,,
2016-10-08,El_Salvador-La_Paz,department,SV0010,162.0,,,
2016-10-08,El_Salvador-Usulutan,department,SV0010,185.0,,,
2016-10-08,El_Salvador,country,SV0010,7428.0,,,
2016-10-08,El_Salvador-Santa_Ana,department,SV0010,597.0,,,
2016-10-08,El_Salvador-La_Libertad,department,SV0010,1135.0,,,
2016-10-08,El_Salvador-San_Salvador,department,SV0010,2678.0,,,
2016-10-08,El_Salvador-San_Vicente,department,SV0010,326.0,,,
2016-10-08,El_Salvador-Cuscatlan,department,SV0010,624.0,,,
2016-10-08,El_Salvador-Cabanas,department,SV0010,401.0,,,
2016-10-08,El_Salvador-Chalatenango,department,SV0010,648.0,,,
2016-10-08,El_Salvador-Morazan,department,SV0010,139.0,,,
2016-10-15,El_Salvador,country,SV0010,7447.0,,,
2016-10-15,El_Salvador-Honduras,department,SV0010,2.0,,,
2016-10-15,El_Salvador-Guatemala,department,SV0010,3.0,,,
2016-10-15,El_Salvador-Sonsonate,department,SV0010,101.0,,,
2016-10-15,El_Salvador-La_Union,department,SV0010,59.0,,,
2016-10-15,El_Salvador-Ahuachapan,department,SV0010,150.0,,,
2016-10-15,El_Salvador-San_Miguel,department,SV0010,221.0,,,
2016-10-15,El_Salvador-La_Paz,department,SV0010,163.0,,,
2016-10-15,El_Salvador-Usulutan,department,SV0010,185.0,,,
2016-10-15,El_Salvador-Santa_Ana,department,SV0010,598.0,,,
2016-10-15,El_Salvador-La_Libertad,department,SV0010,1136.0,,,
2016-10-15,El_Salvador-San_Salvador,department,SV0010,2683.0,,,
2016-10-15,El_Salvador-San_Vicente,department,SV0010,328.0,,,
2016-10-15,El_Salvador-Cuscatlan,department,SV0010,626.0,,,
2016-10-15,El_Salvador-Cabanas,department,SV0010,404.0,,,
2016-10-15,El_Salvador-Chalatenango,department,SV0010,649.0,,,
2016-10-15,El_Salvador-Morazan,department,SV0010,139.0,,,
2016-10-22,El_Salvador-San_Miguel,department,SV0010,221.0,,,
2016-10-22,El_Salvador-Honduras,department,SV0010,2.0,,,
2016-10-22,El_Salvador-Guatemala,department,SV0010,3.0,,,
2016-10-22,El_Salvador-Sonsonate,department,SV0010,101.0,,,
2016-10-22,El_Salvador-La_Union,department,SV0010,59.0,,,
2016-10-22,El_Salvador-Ahuachapan,department,SV0010,151.0,,,
2016-10-22,El_Salvador,country,SV0010,7469.0,,,
2016-10-22,El_Salvador-La_Paz,department,SV0010,164.0,,,
2016-10-22,El_Salvador-La_Libertad,department,SV0010,1136.0,,,
2016-10-22,El_Salvador-Morazan,department,SV0010,140.0,,,
2016-10-22,El_Salvador-Santa_Ana,department,SV0010,599.0,,,
2016-10-22,El_Salvador-San_Salvador,department,SV0010,2689.0,,,
2016-10-22,El_Salvador-San_Vicente,department,SV0010,328.0,,,
2016-10-22,El_Salvador-Cuscatlan,department,SV0010,626.0,,,
2016-10-22,El_Salvador-Cabanas,department,SV0010,405.0,,,
2016-10-22,El_Salvador-Chalatenango,department,SV0010,657.0,,,
2016-10-22,El_Salvador-Usulutan,department,SV0010,185.0,,,
2016-10-29,El_Salvador,country,SV0010,7485.0,,,
2016-10-29,El_Salvador-Honduras,department,SV0010,2.0,,,
2016-10-29,El_Salvador-Sonsonate,department,SV0010,101.0,,,
2016-10-29,El_Salvador-La_Union,department,SV0010,59.0,,,
2016-10-29,El_Salvador-Ahuachapan,department,SV0010,151.0,,,
2016-10-29,El_Salvador-San_Miguel,department,SV0010,221.0,,,
2016-10-29,El_Salvador-La_Paz,department,SV0010,164.0,,,
2016-10-29,El_Salvador-Usulutan,department,SV0010,185.0,,,
2016-10-29,El_Salvador-Guatemala,department,SV0010,3.0,,,
2016-10-29,El_Salvador-Santa_Ana,department,SV0010,600.0,,,
2016-10-29,El_Salvador-La_Libertad,department,SV0010,1142.0,,,
2016-10-29,El_Salvador-San_Salvador,department,SV0010,2699.0,,,
2016-10-29,El_Salvador-San_Vicente,department,SV0010,328.0,,,
2016-10-29,El_Salvador-Cuscatlan,department,SV0010,626.0,,,
2016-10-29,El_Salvador-Cabanas,department,SV0010,406.0,,,
2016-10-29,El_Salvador-Chalatenango,department,SV0010,658.0,,,
2016-10-29,El_Salvador-Morazan,department,SV0010,140.0,,,
2016-11-05,El_Salvador,country,SV0010,7497.0,,,
2016-11-05,El_Salvador-Honduras,department,SV0010,2.0,,,
2016-11-05,El_Salvador-Guatemala,department,SV0010,3.0,,,
2016-11-05,El_Salvador-Sonsonate,department,SV0010,102.0,,,
2016-11-05,El_Salvador-La_Union,department,SV0010,59.0,,,
2016-11-05,El_Salvador-Ahuachapan,department,SV0010,151.0,,,
2016-11-05,El_Salvador-San_Miguel,department,SV0010,222.0,,,
2016-11-05,El_Salvador-La_Paz,department,SV0010,164.0,,,
2016-11-05,El_Salvador-La_Libertad,department,SV0010,1142.0,,,
2016-11-05,El_Salvador-Morazan,department,SV0010,140.0,,,
2016-11-05,El_Salvador-Santa_Ana,department,SV0010,601.0,,,
2016-11-05,El_Salvador-San_Salvador,department,SV0010,2703.0,,,
2016-11-05,El_Salvador-San_Vicente,department,SV0010,330.0,,,
2016-11-05,El_Salvador-Cuscatlan,department,SV0010,626.0,,,
2016-11-05,El_Salvador-Cabanas,department,SV0010,407.0,,,
2016-11-05,El_Salvador-Chalatenango,department,SV0010,659.0,,,
2016-11-05,El_Salvador-Usulutan,department,SV0010,186.0,,,
2016-11-12,El_Salvador-La_Union,department,SV0010,59.0,,,
2016-11-12,El_Salvador-Ahuachapan,department,SV0010,151.0,,,
2016-11-12,El_Salvador-Sonsonate,department,SV0010,102.0,,,
2016-11-12,El_Salvador-San_Miguel,department,SV0010,222.0,,,
2016-11-12,El_Salvador-Honduras,department,SV0010,2.0,,,
2016-11-12,El_Salvador,country,SV0010,7517.0,,,
2016-11-12,El_Salvador-Guatemala,department,SV0010,3.0,,,
2016-11-12,El_Salvador-Usulutan,department,SV0010,186.0,,,
2016-11-12,El_Salvador-La_Paz,department,SV0010,165.0,,,
2016-11-12,El_Salvador-Morazan,department,SV0010,140.0,,,
2016-11-12,El_Salvador-Santa_Ana,department,SV0010,602.0,,,
2016-11-12,El_Salvador-La_Libertad,department,SV0010,1142.0,,,
2016-11-12,El_Salvador-San_Salvador,department,SV0010,2712.0,,,
2016-11-12,El_Salvador-San_Vicente,department,SV0010,332.0,,,
2016-11-12,El_Salvador-Cuscatlan,department,SV0010,630.0,,,
2016-11-12,El_Salvador-Cabanas,department,SV0010,409.0,,,
2016-11-12,El_Salvador-Chalatenango,department,SV0010,660.0,,,
2016-11-19,El_Salvador-Honduras,department,SV0010,2.0,,,
2016-11-19,El_Salvador-Guatemala,department,SV0010,3.0,,,
2016-11-19,El_Salvador-Sonsonate,department,SV0010,103.0,,,
2016-11-19,El_Salvador-La_Union,department,SV0010,59.0,,,
2016-11-19,El_Salvador-Ahuachapan,department,SV0010,152.0,,,
2016-11-19,El_Salvador-San_Miguel,department,SV0010,224.0,,,
2016-11-19,El_Salvador-La_Paz,department,SV0010,165.0,,,
2016-11-19,El_Salvador-Usulutan,department,SV0010,187.0,,,
2016-11-19,El_Salvador,country,SV0010,7527.0,,,
2016-11-19,El_Salvador-Santa_Ana,department,SV0010,603.0,,,
2016-11-19,El_Salvador-La_Libertad,department,SV0010,1143.0,,,
2016-11-19,El_Salvador-San_Salvador,department,SV0010,2715.0,,,
2016-11-19,El_Salvador-San_Vicente,department,SV0010,332.0,,,
2016-11-19,El_Salvador-Cuscatlan,department,SV0010,630.0,,,
2016-11-19,El_Salvador-Cabanas,department,SV0010,409.0,,,
2016-11-19,El_Salvador-Chalatenango,department,SV0010,660.0,,,
2016-11-19,El_Salvador-Morazan,department,SV0010,140.0,,,
2016-11-26,El_Salvador,country,SV0010,7543.0,,,
2016-11-26,El_Salvador-Honduras,department,SV0010,2.0,,,
2016-11-26,El_Salvador-Guatemala,department,SV0010,3.0,,,
2016-11-26,El_Salvador-Sonsonate,department,SV0010,103.0,,,
2016-11-26,El_Salvador-La_Union,department,SV0010,59.0,,,
2016-11-26,El_Salvador-Ahuachapan,department,SV0010,153.0,,,
2016-11-26,El_Salvador-San_Miguel,department,SV0010,225.0,,,
2016-11-26,El_Salvador-La_Paz,department,SV0010,166.0,,,
2016-11-26,El_Salvador-Usulutan,department,SV0010,188.0,,,
2016-11-26,El_Salvador-Santa_Ana,department,SV0010,603.0,,,
2016-11-26,El_Salvador-La_Libertad,department,SV0010,1143.0,,,
2016-11-26,El_Salvador-San_Salvador,department,SV0010,2717.0,,,
2016-11-26,El_Salvador-San_Vicente,department,SV0010,333.0,,,
2016-11-26,El_Salvador-Cuscatlan,department,SV0010,635.0,,,
2016-11-26,El_Salvador-Cabanas,department,SV0010,409.0,,,
2016-11-26,El_Salvador-Chalatenango,department,SV0010,664.0,,,
2016-11-26,El_Salvador-Morazan,department,SV0010,140.0,,,
2016-12-03,El_Salvador-San_Miguel,department,SV0010,225.0,,,
2016-12-03,El_Salvador,country,SV0010,7557.0,,,
2016-12-03,El_Salvador-Honduras,department,SV0010,2.0,,,
2016-12-03,El_Salvador-Guatemala,department,SV0010,3.0,,,
2016-12-03,El_Salvador-Sonsonate,department,SV0010,104.0,,,
2016-12-03,El_Salvador-La_Union,department,SV0010,59.0,,,
2016-12-03,El_Salvador-Ahuachapan,department,SV0010,153.0,,,
2016-12-03,El_Salvador-La_Paz,department,SV0010,167.0,,,
2016-12-03,El_Salvador-Usulutan,department,SV0010,189.0,,,
2016-12-03,El_Salvador-Morazan,department,SV0010,140.0,,,
2016-12-03,El_Salvador-Santa_Ana,department,SV0010,603.0,,,
2016-12-03,El_Salvador-La_Libertad,department,SV0010,1144.0,,,
2016-12-03,El_Salvador-San_Salvador,department,SV0010,2724.0,,,
2016-12-03,El_Salvador-San_Vicente,department,SV0010,334.0,,,
2016-12-03,El_Salvador-Cuscatlan,department,SV0010,636.0,,,
2016-12-03,El_Salvador-Cabanas,department,SV0010,410.0,,,
2016-12-03,El_Salvador-Chalatenango,department,SV0010,664.0,,,
2016-12-10,El_Salvador-Honduras,department,SV0010,3.0,,,
2016-12-10,El_Salvador-Guatemala,department,SV0010,3.0,,,
2016-12-10,El_Salvador-Sonsonate,department,SV0010,104.0,,,
2016-12-10,El_Salvador-La_Union,department,SV0010,59.0,,,
2016-12-10,El_Salvador-Ahuachapan,department,SV0010,154.0,,,
2016-12-10,El_Salvador-San_Miguel,department,SV0010,225.0,,,
2016-12-10,El_Salvador-La_Paz,department,SV0010,168.0,,,
2016-12-10,El_Salvador-Usulutan,department,SV0010,189.0,,,
2016-12-10,El_Salvador,country,SV0010,7565.0,,,
2016-12-10,El_Salvador-Santa_Ana,department,SV0010,604.0,,,
2016-12-10,El_Salvador-La_Libertad,department,SV0010,1146.0,,,
2016-12-10,El_Salvador-San_Salvador,department,SV0010,2725.0,,,
2016-12-10,El_Salvador-San_Vicente,department,SV0010,334.0,,,
2016-12-10,El_Salvador-Cuscatlan,department,SV0010,637.0,,,
2016-12-10,El_Salvador-Cabanas,department,SV0010,410.0,,,
2016-12-10,El_Salvador-Chalatenango,department,SV0010,664.0,,,
2016-12-10,El_Salvador-Morazan,department,SV0010,140.0,,,
2016-12-17,El_Salvador,country,SV0010,7577.0,,,
2016-12-17,El_Salvador-Honduras,department,SV0010,4.0,,,
2016-12-17,El_Salvador-Guatemala,department,SV0010,3.0,,,
2016-12-17,El_Salvador-Sonsonate,department,SV0010,104.0,,,
2016-12-17,El_Salvador-La_Union,department,SV0010,59.0,,,
2016-12-17,El_Salvador-Ahuachapan,department,SV0010,154.0,,,
2016-12-17,El_Salvador-San_Miguel,department,SV0010,225.0,,,
2016-12-17,El_Salvador-La_Paz,department,SV0010,168.0,,,
2016-12-17,El_Salvador-Usulutan,department,SV0010,189.0,,,
2016-12-17,El_Salvador-Santa_Ana,department,SV0010,604.0,,,
2016-12-17,El_Salvador-La_Libertad,department,SV0010,1150.0,,,
2016-12-17,El_Salvador-San_Salvador,department,SV0010,2729.0,,,
2016-12-17,El_Salvador-San_Vicente,department,SV0010,335.0,,,
2016-12-17,El_Salvador-Cuscatlan,department,SV0010,638.0,,,
2016-12-17,El_Salvador-Cabanas,department,SV0010,410.0,,,
2016-12-17,El_Salvador-Chalatenango,department,SV0010,665.0,,,
2016-12-17,El_Salvador-Morazan,department,SV0010,140.0,,,
2016-12-24,El_Salvador-San_Miguel,department,SV0010,226.0,,,
2016-12-24,El_Salvador,country,SV0010,7598.0,,,
2016-12-24,El_Salvador-Honduras,department,SV0010,4.0,,,
2016-12-24,El_Salvador-Guatemala,department,SV0010,3.0,,,
2016-12-24,El_Salvador-La_Union,department,SV0010,59.0,,,
2016-12-24,El_Salvador-Sonsonate,department,SV0010,105.0,,,
2016-12-24,El_Salvador-Ahuachapan,department,SV0010,155.0,,,
2016-12-24,El_Salvador-La_Paz,department,SV0010,168.0,,,
2016-12-24,El_Salvador-San_Vicente,department,SV0010,336.0,,,
2016-12-24,El_Salvador-Morazan,department,SV0010,140.0,,,
2016-12-24,El_Salvador-Usulutan,department,SV0010,189.0,,,
2016-12-24,El_Salvador-Cabanas,department,SV0010,411.0,,,
2016-12-24,El_Salvador-Cuscatlan,department,SV0010,640.0,,,
2016-12-24,El_Salvador-Chalatenango,department,SV0010,665.0,,,
2016-12-24,El_Salvador-San_Salvador,department,SV0010,2740.0,,,
2016-12-24,El_Salvador-La_Libertad,department,SV0010,1150.0,,,
2016-12-24,El_Salvador-Santa_Ana,department,SV0010,607.0,,,
2017-01-13,El_Salvador,country,SV0010,7.0,,,
2017-01-13,El_Salvador-La_Union,department,SV0010,0.0,,,
2017-01-13,El_Salvador-Morazan,department,SV0010,0.0,,,
2017-01-13,El_Salvador-San_Miguel,department,SV0010,0.0,,,
2017-01-13,El_Salvador-San_Vicente,department,SV0010,0.0,,,
2017-01-13,El_Salvador-La_Paz,department,SV0010,0.0,,,
2017-01-13,El_Salvador-Chalatenango,department,SV0010,0.0,,,
2017-01-13,El_Salvador-Cabanas,department,SV0010,0.0,,,
2017-01-13,El_Salvador-Santa_Ana,department,SV0010,0.0,,,
2017-01-13,El_Salvador-Ahuachapan,department,SV0010,0.0,,,
2017-01-13,El_Salvador-La_Libertad,department,SV0010,1.0,,,
2017-01-13,El_Salvador-San_Salvador,department,SV0010,4.0,,,
2017-01-13,El_Salvador-Usulutan,department,SV0010,1.0,,,
2017-01-13,El_Salvador-Cuscatlan,department,SV0010,1.0,,,
2017-01-13,El_Salvador-Sonsonate,department,SV0010,0.0,,,
2017-01-20,El_Salvador-San_Vicente,department,SV0010,2.0,,,
2017-01-20,El_Salvador,country,SV0010,18.0,,,
2017-01-20,El_Salvador-La_Union,department,SV0010,1.0,,,
2017-01-20,El_Salvador-Morazan,department,SV0010,0.0,,,
2017-01-20,El_Salvador-San_Miguel,department,SV0010,0.0,,,
2017-01-20,El_Salvador-Usulutan,department,SV0010,1.0,,,
2017-01-20,El_Salvador-Cabanas,department,SV0010,0.0,,,
2017-01-20,El_Salvador-Santa_Ana,department,SV0010,1.0,,,
2017-01-20,El_Salvador-Cuscatlan,department,SV0010,3.0,,,
2017-01-20,El_Salvador-San_Salvador,department,SV0010,6.0,,,
2017-01-20,El_Salvador-La_Libertad,department,SV0010,2.0,,,
2017-01-20,El_Salvador-Chalatenango,department,SV0010,2.0,,,
2017-01-20,El_Salvador-Sonsonate,department,SV0010,0.0,,,
2017-01-20,El_Salvador-Ahuachapan,department,SV0010,0.0,,,
2017-01-20,El_Salvador-La_Paz,department,SV0010,0.0,,,
2017-01-27,El_Salvador-San_Vicente,department,SV0010,4.0,,,
2017-01-27,El_Salvador-La_Union,department,SV0010,1.0,,,
2017-01-27,El_Salvador-Morazan,department,SV0010,0.0,,,
2017-01-27,El_Salvador-San_Miguel,department,SV0010,0.0,,,
2017-01-27,El_Salvador-Usulutan,department,SV0010,1.0,,,
2017-01-27,El_Salvador,country,SV0010,32.0,,,
2017-01-27,El_Salvador-Cabanas,department,SV0010,0.0,,,
2017-01-27,El_Salvador-Cuscatlan,department,SV0010,5.0,,,
2017-01-27,El_Salvador-La_Libertad,department,SV0010,2.0,,,
2017-01-27,El_Salvador-San_Salvador,department,SV0010,12.0,,,
2017-01-27,El_Salvador-Chalatenango,department,SV0010,2.0,,,
2017-01-27,El_Salvador-Sonsonate,department,SV0010,1.0,,,
2017-01-27,El_Salvador-Santa_Ana,department,SV0010,4.0,,,
2017-01-27,El_Salvador-Ahuachapan,department,SV0010,0.0,,,
2017-01-27,El_Salvador-La_Paz,department,SV0010,0.0,,,
2017-02-03,El_Salvador,country,SV0010,44.0,,,
2017-02-03,El_Salvador-La_Union,department,SV0010,1.0,,,
2017-02-03,El_Salvador-San_Miguel,department,SV0010,0.0,,,
2017-02-03,El_Salvador-Usulutan,department,SV0010,1.0,,,
2017-02-03,El_Salvador-San_Vicente,department,SV0010,5.0,,,
2017-02-03,El_Salvador-Cabanas,department,SV0010,0.0,,,
2017-02-03,El_Salvador-La_Paz,department,SV0010,1.0,,,
2017-02-03,El_Salvador-Morazan,department,SV0010,1.0,,,
2017-02-03,El_Salvador-San_Salvador,department,SV0010,15.0,,,
2017-02-03,El_Salvador-La_Libertad,department,SV0010,3.0,,,
2017-02-03,El_Salvador-Chalatenango,department,SV0010,5.0,,,
2017-02-03,El_Salvador-Sonsonate,department,SV0010,1.0,,,
2017-02-03,El_Salvador-Santa_Ana,department,SV0010,5.0,,,
2017-02-03,El_Salvador-Ahuachapan,department,SV0010,0.0,,,
2017-02-03,El_Salvador-Cuscatlan,department,SV0010,6.0,,,
2017-02-10,El_Salvador,country,SV0010,55.0,,,
2017-02-10,El_Salvador-Cabanas,department,SV0010,0.0,,,
2017-02-10,El_Salvador-Ahuachapan,department,SV0010,0.0,,,
2017-02-10,El_Salvador-Sonsonate,department,SV0010,1.0,,,
2017-02-10,El_Salvador-San_Miguel,department,SV0010,1.0,,,
2017-02-10,El_Salvador-La_Paz,department,SV0010,1.0,,,
2017-02-10,El_Salvador-La_Union,department,SV0010,1.0,,,
2017-02-10,El_Salvador-Santa_Ana,department,SV0010,5.0,,,
2017-02-10,El_Salvador-La_Libertad,department,SV0010,5.0,,,
2017-02-10,El_Salvador-Usulutan,department,SV0010,3.0,,,
2017-02-10,El_Salvador-San_Salvador,department,SV0010,21.0,,,
2017-02-10,El_Salvador-Cuscatlan,department,SV0010,6.0,,,
2017-02-10,El_Salvador-Chalatenango,department,SV0010,5.0,,,
2017-02-10,El_Salvador-San_Vicente,department,SV0010,5.0,,,
2017-02-10,El_Salvador-Morazan,department,SV0010,1.0,,,
2017-02-17,El_Salvador-Ahuachapan,department,SV0010,0.0,,,
2017-02-17,El_Salvador-Sonsonate,department,SV0010,1.0,,,
2017-02-17,El_Salvador-Cabanas,department,SV0010,0.0,,,
2017-02-17,El_Salvador-Honduras,department,SV0010,0.0,,,
2017-02-17,El_Salvador,country,SV0010,72.0,,,
2017-02-17,El_Salvador-La_Paz,department,SV0010,1.0,,,
2017-02-17,El_Salvador-Guatemala,department,SV0010,1.0,,,
2017-02-17,El_Salvador-La_Union,department,SV0010,1.0,,,
2017-02-17,El_Salvador-Usulutan,department,SV0010,4.0,,,
2017-02-17,El_Salvador-La_Libertad,department,SV0010,6.0,,,
2017-02-17,El_Salvador-San_Miguel,department,SV0010,4.0,,,
2017-02-17,El_Salvador-Santa_Ana,department,SV0010,5.0,,,
2017-02-17,El_Salvador-Morazan,department,SV0010,1.0,,,
2017-02-17,El_Salvador-San_Salvador,department,SV0010,28.0,,,
2017-02-17,El_Salvador-Chalatenango,department,SV0010,6.0,,,
2017-02-17,El_Salvador-Cuscatlan,department,SV0010,8.0,,,
2017-02-17,El_Salvador-San_Vicente,department,SV0010,6.0,,,
2017-02-24,El_Salvador,country,SV0010,78.0,,,
2017-02-24,El_Salvador-Honduras,department,SV0010,0.0,,,
2017-02-24,El_Salvador-Guatemala,department,SV0010,1.0,,,
2017-02-24,El_Salvador-Cabanas,department,SV0010,0.0,,,
2017-02-24,El_Salvador-Ahuachapan,department,SV0010,0.0,,,
2017-02-24,El_Salvador-Sonsonate,department,SV0010,1.0,,,
2017-02-24,El_Salvador-La_Paz,department,SV0010,1.0,,,
2017-02-24,El_Salvador-La_Union,department,SV0010,1.0,,,
2017-02-24,El_Salvador-Morazan,department,SV0010,1.0,,,
2017-02-24,El_Salvador-La_Libertad,department,SV0010,6.0,,,
2017-02-24,El_Salvador-San_Miguel,department,SV0010,4.0,,,
2017-02-24,El_Salvador-Santa_Ana,department,SV0010,6.0,,,
2017-02-24,El_Salvador-Usulutan,department,SV0010,4.0,,,
2017-02-24,El_Salvador-San_Salvador,department,SV0010,32.0,,,
2017-02-24,El_Salvador-Chalatenango,department,SV0010,6.0,,,
2017-02-24,El_Salvador-San_Vicente,department,SV0010,6.0,,,
2017-02-24,El_Salvador-Cuscatlan,department,SV0010,9.0,,,
2017-03-03,El_Salvador-Honduras,department,SV0010,0.0,,,
2017-03-03,El_Salvador-Guatemala,department,SV0010,1.0,,,
2017-03-03,El_Salvador-Cabanas,department,SV0010,0.0,,,
2017-03-03,El_Salvador-Ahuachapan,department,SV0010,0.0,,,
2017-03-03,El_Salvador-Sonsonate,department,SV0010,1.0,,,
2017-03-03,El_Salvador-La_Paz,department,SV0010,1.0,,,
2017-03-03,El_Salvador-La_Union,department,SV0010,1.0,,,
2017-03-03,El_Salvador-Morazan,department,SV0010,1.0,,,
2017-03-03,El_Salvador,country,SV0010,89.0,,,
2017-03-03,El_Salvador-San_Miguel,department,SV0010,5.0,,,
2017-03-03,El_Salvador-Santa_Ana,department,SV0010,7.0,,,
2017-03-03,El_Salvador-Usulutan,department,SV0010,5.0,,,
2017-03-03,El_Salvador-San_Salvador,department,SV0010,39.0,,,
2017-03-03,El_Salvador-Chalatenango,department,SV0010,6.0,,,
2017-03-03,El_Salvador-San_Vicente,department,SV0010,6.0,,,
2017-03-03,El_Salvador-Cuscatlan,department,SV0010,9.0,,,
2017-03-03,El_Salvador-La_Libertad,department,SV0010,7.0,,,
2017-03-10,El_Salvador-Honduras,department,SV0010,0.0,,,
2017-03-10,El_Salvador-Guatemala,department,SV0010,1.0,,,
2017-03-10,El_Salvador-Cabanas,department,SV0010,0.0,,,
2017-03-10,El_Salvador-La_Paz,department,SV0010,0.0,,,
2017-03-10,El_Salvador-Ahuachapan,department,SV0010,0.0,,,
2017-03-10,El_Salvador-Sonsonate,department,SV0010,1.0,,,
2017-03-10,El_Salvador-La_Union,department,SV0010,1.0,,,
2017-03-10,El_Salvador-Morazan,department,SV0010,1.0,,,
2017-03-10,El_Salvador,country,SV0010,101.0,,,
2017-03-10,El_Salvador-San_Miguel,department,SV0010,6.0,,,
2017-03-10,El_Salvador-Santa_Ana,department,SV0010,9.0,,,
2017-03-10,El_Salvador-Usulutan,department,SV0010,7.0,,,
2017-03-10,El_Salvador-San_Salvador,department,SV0010,46.0,,,
2017-03-10,El_Salvador-Chalatenango,department,SV0010,6.0,,,
2017-03-10,El_Salvador-San_Vicente,department,SV0010,6.0,,,
2017-03-10,El_Salvador-Cuscatlan,department,SV0010,9.0,,,
2017-03-10,El_Salvador-La_Libertad,department,SV0010,8.0,,,
2017-03-17,El_Salvador,country,SV0010,115.0,,,
2017-03-17,El_Salvador-Honduras,department,SV0010,,,,
2017-03-17,El_Salvador-Guatemala,department,SV0010,,,,
2017-03-17,El_Salvador-Cabanas,department,SV0010,,,,
2017-03-17,El_Salvador-La_Paz,department,SV0010,,,,
2017-03-17,El_Salvador-Ahuachapan,department,SV0010,,,,
2017-03-17,El_Salvador-Sonsonate,department,SV0010,,,,
2017-03-17,El_Salvador-La_Union,department,SV0010,,,,
2017-03-17,El_Salvador-Morazan,department,SV0010,,,,
2017-03-17,El_Salvador-San_Miguel,department,SV0010,,,,
2017-03-17,El_Salvador-Santa_Ana,department,SV0010,,,,
2017-03-17,El_Salvador-Usulutan,department,SV0010,,,,
2017-03-17,El_Salvador-San_Salvador,department,SV0010,,,,
2017-03-17,El_Salvador-Chalatenango,department,SV0010,,,,
2017-03-17,El_Salvador-San_Vicente,department,SV0010,,,,
2017-03-17,El_Salvador-Cuscatlan,department,SV0010,,,,
2017-03-17,El_Salvador-La_Libertad,department,SV0010,,,,
2017-03-24,El_Salvador-Sonsonate,department,SV0010,2.0,,,
2017-03-24,El_Salvador-Honduras,department,SV0010,0.0,,,
2017-03-24,El_Salvador-Guatemala,department,SV0010,1.0,,,
2017-03-24,El_Salvador-Cabanas,department,SV0010,0.0,,,
2017-03-24,El_Salvador-La_Paz,department,SV0010,0.0,,,
2017-03-24,El_Salvador-Ahuachapan,department,SV0010,0.0,,,
2017-03-24,El_Salvador-La_Union,department,SV0010,1.0,,,
2017-03-24,El_Salvador-Morazan,department,SV0010,1.0,,,
2017-03-24,El_Salvador,country,SV0010,122.0,,,
2017-03-24,El_Salvador-San_Miguel,department,SV0010,8.0,,,
2017-03-24,El_Salvador-San_Vicente,department,SV0010,8.0,,,
2017-03-24,El_Salvador-Chalatenango,department,SV0010,8.0,,,
2017-03-24,El_Salvador-Cuscatlan,department,SV0010,10.0,,,
2017-03-24,El_Salvador-La_Libertad,department,SV0010,9.0,,,
2017-03-24,El_Salvador-Usulutan,department,SV0010,8.0,,,
2017-03-24,El_Salvador-Santa_Ana,department,SV0010,12.0,,,
2017-03-24,El_Salvador-San_Salvador,department,SV0010,54.0,,,
2017-03-31,El_Salvador-Honduras,department,SV0010,0.0,,,
2017-03-31,El_Salvador-Guatemala,department,SV0010,1.0,,,
2017-03-31,El_Salvador-Cabanas,department,SV0010,0.0,,,
2017-03-31,El_Salvador-La_Paz,department,SV0010,0.0,,,
2017-03-31,El_Salvador-Ahuachapan,department,SV0010,1.0,,,
2017-03-31,El_Salvador-La_Union,department,SV0010,1.0,,,
2017-03-31,El_Salvador-Sonsonate,department,SV0010,2.0,,,
2017-03-31,El_Salvador-Morazan,department,SV0010,1.0,,,
2017-03-31,El_Salvador,country,SV0010,125.0,,,
2017-03-31,El_Salvador-San_Miguel,department,SV0010,8.0,,,
2017-03-31,El_Salvador-Santa_Ana,department,SV0010,12.0,,,
2017-03-31,El_Salvador-Usulutan,department,SV0010,8.0,,,
2017-03-31,El_Salvador-San_Salvador,department,SV0010,55.0,,,
2017-03-31,El_Salvador-Cuscatlan,department,SV0010,10.0,,,
2017-03-31,El_Salvador-San_Vicente,department,SV0010,8.0,,,
2017-03-31,El_Salvador-Chalatenango,department,SV0010,9.0,,,
2017-03-31,El_Salvador-La_Libertad,department,SV0010,9.0,,,
2017-04-07,El_Salvador,country,SV0010,132.0,,,
2017-04-07,El_Salvador-Honduras,department,SV0010,0.0,,,
2017-04-07,El_Salvador-Guatemala,department,SV0010,1.0,,,
2017-04-07,El_Salvador-Cabanas,department,SV0010,0.0,,,
2017-04-07,El_Salvador-La_Paz,department,SV0010,0.0,,,
2017-04-07,El_Salvador-Ahuachapan,department,SV0010,1.0,,,
2017-04-07,El_Salvador-La_Union,department,SV0010,1.0,,,
2017-04-07,El_Salvador-Sonsonate,department,SV0010,2.0,,,
2017-04-07,El_Salvador-Morazan,department,SV0010,2.0,,,
2017-04-07,El_Salvador-San_Miguel,department,SV0010,8.0,,,
2017-04-07,El_Salvador-Usulutan,department,SV0010,8.0,,,
2017-04-07,El_Salvador-Santa_Ana,department,SV0010,13.0,,,
2017-04-07,El_Salvador-San_Salvador,department,SV0010,59.0,,,
2017-04-07,El_Salvador-Cuscatlan,department,SV0010,11.0,,,
2017-04-07,El_Salvador-San_Vicente,department,SV0010,8.0,,,
2017-04-07,El_Salvador-La_Libertad,department,SV0010,10.0,,,
2017-04-07,El_Salvador-Chalatenango,department,SV0010,8.0,,,
2017-04-21,El_Salvador,country,SV0010,143.0,,,
2017-04-21,El_Salvador-La_Union,department,SV0010,2.0,,,
2017-04-21,El_Salvador-Honduras,department,SV0010,0.0,,,
2017-04-21,El_Salvador-Guatemala,department,SV0010,1.0,,,
2017-04-21,El_Salvador-Cabanas,department,SV0010,0.0,,,
2017-04-21,El_Salvador-Ahuachapan,department,SV0010,1.0,,,
2017-04-21,El_Salvador-La_Paz,department,SV0010,1.0,,,
2017-04-21,El_Salvador-Sonsonate,department,SV0010,2.0,,,
2017-04-21,El_Salvador-La_Libertad,department,SV0010,10.0,,,
2017-04-21,El_Salvador-San_Miguel,department,SV0010,9.0,,,
2017-04-21,El_Salvador-Usulutan,department,SV0010,8.0,,,
2017-04-21,El_Salvador-Santa_Ana,department,SV0010,13.0,,,
2017-04-21,El_Salvador-San_Salvador,department,SV0010,64.0,,,
2017-04-21,El_Salvador-Chalatenango,department,SV0010,8.0,,,
2017-04-21,El_Salvador-Cuscatlan,department,SV0010,11.0,,,
2017-04-21,El_Salvador-San_Vicente,department,SV0010,8.0,,,
2017-04-21,El_Salvador-Morazan,department,SV0010,3.0,,,
2017-05-05,El_Salvador-Honduras,department,SV0010,0.0,,,
2017-05-05,El_Salvador-Guatemala,department,SV0010,1.0,,,
2017-05-05,El_Salvador-Ahuachapan,department,SV0010,1.0,,,
2017-05-05,El_Salvador-La_Paz,department,SV0010,1.0,,,
2017-05-05,El_Salvador-Sonsonate,department,SV0010,2.0,,,
2017-05-05,El_Salvador-Cabanas,department,SV0010,1.0,,,
2017-05-05,El_Salvador-La_Union,department,SV0010,2.0,,,
2017-05-05,El_Salvador-La_Libertad,department,SV0010,11.0,,,
2017-05-05,El_Salvador,country,SV0010,160.0,,,
2017-05-05,El_Salvador-San_Miguel,department,SV0010,9.0,,,
2017-05-05,El_Salvador-Santa_Ana,department,SV0010,14.0,,,
2017-05-05,El_Salvador-Usulutan,department,SV0010,9.0,,,
2017-05-05,El_Salvador-San_Salvador,department,SV0010,77.0,,,
2017-05-05,El_Salvador-San_Vicente,department,SV0010,8.0,,,
2017-05-05,El_Salvador-Chalatenango,department,SV0010,9.0,,,
2017-05-05,El_Salvador-Cuscatlan,department,SV0010,12.0,,,
2017-05-05,El_Salvador-Morazan,department,SV0010,3.0,,,
2017-05-19,El_Salvador,country,SV0010,175.0,,,
2017-05-19,El_Salvador-Honduras,department,SV0010,1.0,,,
2017-05-19,El_Salvador-Guatemala,department,SV0010,1.0,,,
2017-05-19,El_Salvador-Ahuachapan,department,SV0010,1.0,,,
2017-05-19,El_Salvador-Sonsonate,department,SV0010,2.0,,,
2017-05-19,El_Salvador-Cabanas,department,SV0010,1.0,,,
2017-05-19,El_Salvador-La_Paz,department,SV0010,3.0,,,
2017-05-19,El_Salvador-La_Union,department,SV0010,3.0,,,
2017-05-19,El_Salvador-Morazan,department,SV0010,3.0,,,
2017-05-19,El_Salvador-San_Miguel,department,SV0010,10.0,,,
2017-05-19,El_Salvador-Santa_Ana,department,SV0010,14.0,,,
2017-05-19,El_Salvador-Usulutan,department,SV0010,9.0,,,
2017-05-19,El_Salvador-San_Vicente,department,SV0010,8.0,,,
2017-05-19,El_Salvador-Chalatenango,department,SV0010,9.0,,,
2017-05-19,El_Salvador-Cuscatlan,department,SV0010,12.0,,,
2017-05-19,El_Salvador-San_Salvador,department,SV0010,84.0,,,
2017-05-19,El_Salvador-La_Libertad,department,SV0010,14.0,,,
2017-06-02,El_Salvador-La_Union,department,SV0010,3.0,,,
2017-06-02,El_Salvador,country,SV0010,192.0,,,
2017-06-02,El_Salvador-Honduras,department,SV0010,1.0,,,
2017-06-02,El_Salvador-Guatemala,department,SV0010,1.0,,,
2017-06-02,El_Salvador-Ahuachapan,department,SV0010,1.0,,,
2017-06-02,El_Salvador-Sonsonate,department,SV0010,4.0,,,
2017-06-02,El_Salvador-La_Paz,department,SV0010,3.0,,,
2017-06-02,El_Salvador-Morazan,department,SV0010,3.0,,,
2017-06-02,El_Salvador-Cabañas,department,SV0010,1.0,,,
2017-06-02,El_Salvador-San_Miguel,department,SV0010,10.0,,,
2017-06-02,El_Salvador-Usulutan,department,SV0010,10.0,,,
2017-06-02,El_Salvador-Santa_Ana,department,SV0010,19.0,,,
2017-06-02,El_Salvador-Chalatenango,department,SV0010,8.0,,,
2017-06-02,El_Salvador-San_Vicente,department,SV0010,8.0,,,
2017-06-02,El_Salvador-Cuscatlan,department,SV0010,13.0,,,
2017-06-02,El_Salvador-San_Salvador,department,SV0010,92.0,,,
2017-06-02,El_Salvador-La_Libertad,department,SV0010,15.0,,,
2017-06-16,El_Salvador,country,SV0010,218.0,,,
2017-06-16,El_Salvador-Cabañas,department,SV0010,2.0,,,
2017-06-16,El_Salvador-Honduras,department,SV0010,1.0,,,
2017-06-16,El_Salvador-Guatemala,department,SV0010,1.0,,,
2017-06-16,El_Salvador-Ahuachapan,department,SV0010,1.0,,,
2017-06-16,El_Salvador-La_Paz,department,SV0010,4.0,,,
2017-06-16,El_Salvador-Sonsonate,department,SV0010,6.0,,,
2017-06-16,El_Salvador-Morazan,department,SV0010,3.0,,,
2017-06-16,El_Salvador-Cuscatlan,department,SV0010,16.0,,,
2017-06-16,El_Salvador-La_Libertad,department,SV0010,15.0,,,
2017-06-16,El_Salvador-San_Salvador,department,SV0010,105.0,,,
2017-06-16,El_Salvador-Chalatenango,department,SV0010,12.0,,,
2017-06-16,El_Salvador-San_Vicente,department,SV0010,8.0,,,
2017-06-16,El_Salvador-La_Union,department,SV0010,4.0,,,
2017-06-16,El_Salvador-Usulutan,department,SV0010,10.0,,,
2017-06-16,El_Salvador-San_Miguel,department,SV0010,11.0,,,
2017-06-16,El_Salvador-Santa_Ana,department,SV0010,19.0,,,
2017-06-23,El_Salvador,country,SV0010,225.0,,,
2017-06-23,El_Salvador-Honduras,department,SV0010,1.0,,,
2017-06-23,El_Salvador-Guatemala,department,SV0010,1.0,,,
2017-06-23,El_Salvador-Ahuachapan,department,SV0010,1.0,,,
2017-06-23,El_Salvador-La_Paz,department,SV0010,4.0,,,
2017-06-23,El_Salvador-Sonsonate,department,SV0010,6.0,,,
2017-06-23,El_Salvador-Morazan,department,SV0010,3.0,,,
2017-06-23,El_Salvador-La_Union,department,SV0010,4.0,,,
2017-06-23,El_Salvador-Cabañas,department,SV0010,2.0,,,
2017-06-23,El_Salvador-San_Miguel,department,SV0010,11.0,,,
2017-06-23,El_Salvador-Usulutan,department,SV0010,10.0,,,
2017-06-23,El_Salvador-Santa_Ana,department,SV0010,19.0,,,
2017-06-23,El_Salvador-San_Vicente,department,SV0010,8.0,,,
2017-06-23,El_Salvador-Chalatenango,department,SV0010,13.0,,,
2017-06-23,El_Salvador-San_Salvador,department,SV0010,109.0,,,
2017-06-23,El_Salvador-Cuscatlan,department,SV0010,16.0,,,
2017-06-23,El_Salvador-La_Libertad,department,SV0010,16.0,,,
2017-06-30,El_Salvador-Cabañas,department,SV0010,2.0,,,
2017-06-30,El_Salvador,country,SV0010,232.0,,,
2017-06-30,El_Salvador-Honduras,department,SV0010,1.0,,,
2017-06-30,El_Salvador-Guatemala,department,SV0010,1.0,,,
2017-06-30,El_Salvador-Ahuachapan,department,SV0010,1.0,,,
2017-06-30,El_Salvador-La_Paz,department,SV0010,4.0,,,
2017-06-30,El_Salvador-Sonsonate,department,SV0010,6.0,,,
2017-06-30,El_Salvador-Morazan,department,SV0010,3.0,,,
2017-06-30,El_Salvador-Chalatenango,department,SV0010,13.0,,,
2017-06-30,El_Salvador-La_Libertad,department,SV0010,17.0,,,
2017-06-30,El_Salvador-San_Miguel,department,SV0010,12.0,,,
2017-06-30,El_Salvador-Usulutan,department,SV0010,12.0,,,
2017-06-30,El_Salvador-Santa_Ana,department,SV0010,19.0,,,
2017-06-30,El_Salvador-San_Vicente,department,SV0010,9.0,,,
2017-06-30,El_Salvador-San_Salvador,department,SV0010,112.0,,,
2017-06-30,El_Salvador-Cuscatlan,department,SV0010,16.0,,,
2017-06-30,El_Salvador-La_Union,department,SV0010,4.0,,,
2017-07-07,El_Salvador-Cabañas,department,SV0010,4.0,,,
2017-07-07,El_Salvador,country,SV0010,240.0,,,
2017-07-07,El_Salvador-Honduras,department,SV0010,1.0,,,
2017-07-07,El_Salvador-Guatemala,department,SV0010,1.0,,,
2017-07-07,El_Salvador-Ahuachapan,department,SV0010,1.0,,,
2017-07-07,El_Salvador-La_Paz,department,SV0010,4.0,,,
2017-07-07,El_Salvador-Sonsonate,department,SV0010,7.0,,,
2017-07-07,El_Salvador-Morazan,department,SV0010,3.0,,,
2017-07-07,El_Salvador-Chalatenango,department,SV0010,15.0,,,
2017-07-07,El_Salvador-La_Libertad,department,SV0010,19.0,,,
2017-07-07,El_Salvador-San_Miguel,department,SV0010,12.0,,,
2017-07-07,El_Salvador-Usulutan,department,SV0010,12.0,,,
2017-07-07,El_Salvador-Santa_Ana,department,SV0010,19.0,,,
2017-07-07,El_Salvador-San_Vicente,department,SV0010,9.0,,,
2017-07-07,El_Salvador-San_Salvador,department,SV0010,113.0,,,
2017-07-07,El_Salvador-Cuscatlan,department,SV0010,16.0,,,
2017-07-07,El_Salvador-La_Union,department,SV0010,4.0,,,
2017-07-14,El_Salvador,country,SV0010,240.0,,,
2017-07-14,El_Salvador-Honduras,department,SV0010,1.0,,,
2017-07-14,El_Salvador-Guatemala,department,SV0010,1.0,,,
2017-07-14,El_Salvador-Ahuachapan,department,SV0010,1.0,,,
2017-07-14,El_Salvador-La_Paz,department,SV0010,4.0,,,
2017-07-14,El_Salvador-Sonsonate,department,SV0010,7.0,,,
2017-07-14,El_Salvador-Cabañas,department,SV0010,4.0,,,
2017-07-14,El_Salvador-Morazan,department,SV0010,3.0,,,
2017-07-14,El_Salvador-La_Union,department,SV0010,4.0,,,
2017-07-14,El_Salvador-San_Miguel,department,SV0010,12.0,,,
2017-07-14,El_Salvador-Usulutan,department,SV0010,12.0,,,
2017-07-14,El_Salvador-Santa_Ana,department,SV0010,19.0,,,
2017-07-14,El_Salvador-San_Vicente,department,SV0010,9.0,,,
2017-07-14,El_Salvador-Chalatenango,department,SV0010,15.0,,,
2017-07-14,El_Salvador-San_Salvador,department,SV0010,113.0,,,
2017-07-14,El_Salvador-Cuscatlan,department,SV0010,16.0,,,
2017-07-14,El_Salvador-La_Libertad,department,SV0010,19.0,,,
2017-07-21,El_Salvador-Morazan,department,SV0010,3.0,,,
2017-07-21,El_Salvador-Honduras,department,SV0010,1.0,,,
2017-07-21,El_Salvador-Guatemala,department,SV0010,1.0,,,
2017-07-21,El_Salvador-Ahuachapan,department,SV0010,1.0,,,
2017-07-21,El_Salvador-La_Paz,department,SV0010,4.0,,,
2017-07-21,El_Salvador-Sonsonate,department,SV0010,9.0,,,
2017-07-21,El_Salvador-Cabañas,department,SV0010,5.0,,,
2017-07-21,El_Salvador-La_Union,department,SV0010,4.0,,,
2017-07-21,El_Salvador,country,SV0010,257.0,,,
2017-07-21,El_Salvador-San_Miguel,department,SV0010,13.0,,,
2017-07-21,El_Salvador-Usulutan,department,SV0010,13.0,,,
2017-07-21,El_Salvador-Santa_Ana,department,SV0010,20.0,,,
2017-07-21,El_Salvador-San_Vicente,department,SV0010,10.0,,,
2017-07-21,El_Salvador-Chalatenango,department,SV0010,17.0,,,
2017-07-21,El_Salvador-San_Salvador,department,SV0010,118.0,,,
2017-07-21,El_Salvador-Cuscatlan,department,SV0010,17.0,,,
2017-07-21,El_Salvador-La_Libertad,department,SV0010,21.0,,,
2017-07-28,El_Salvador,country,SV0010,271.0,,,
2017-07-28,El_Salvador-Honduras,department,SV0010,1.0,,,
2017-07-28,El_Salvador-Guatemala,department,SV0010,1.0,,,
2017-07-28,El_Salvador-Ahuachapan,department,SV0010,2.0,,,
2017-07-28,El_Salvador-La_Paz,department,SV0010,4.0,,,
2017-07-28,El_Salvador-Sonsonate,department,SV0010,11.0,,,
2017-07-28,El_Salvador-Cabañas,department,SV0010,6.0,,,
2017-07-28,El_Salvador-Morazan,department,SV0010,3.0,,,
2017-07-28,El_Salvador-Chalatenango,department,SV0010,19.0,,,
2017-07-28,El_Salvador-La_Libertad,department,SV0010,21.0,,,
2017-07-28,El_Salvador-San_Miguel,department,SV0010,13.0,,,
2017-07-28,El_Salvador-Usulutan,department,SV0010,13.0,,,
2017-07-28,El_Salvador-Santa_Ana,department,SV0010,22.0,,,
2017-07-28,El_Salvador-San_Vicente,department,SV0010,11.0,,,
2017-07-28,El_Salvador-La_Union,department,SV0010,5.0,,,
2017-07-28,El_Salvador-San_Salvador,department,SV0010,120.0,,,
2017-07-28,El_Salvador-Cuscatlan,department,SV0010,18.0,,,
2017-08-11,El_Salvador,country,SV0010,282.0,,,
2017-08-11,El_Salvador-Honduras,department,SV0010,1.0,,,
2017-08-11,El_Salvador-Guatemala,department,SV0010,1.0,,,
2017-08-11,El_Salvador-Ahuachapan,department,SV0010,2.0,,,
2017-08-11,El_Salvador-La_Paz,department,SV0010,5.0,,,
2017-08-11,El_Salvador-Sonsonate,department,SV0010,11.0,,,
2017-08-11,El_Salvador-Cabañas,department,SV0010,6.0,,,
2017-08-11,El_Salvador-Morazan,department,SV0010,3.0,,,
2017-08-11,El_Salvador-La_Libertad,department,SV0010,24.0,,,
2017-08-11,El_Salvador-San_Miguel,department,SV0010,14.0,,,
2017-08-11,El_Salvador-Usulutan,department,SV0010,13.0,,,
2017-08-11,El_Salvador-Santa_Ana,department,SV0010,24.0,,,
2017-08-11,El_Salvador-San_Vicente,department,SV0010,11.0,,,
2017-08-11,El_Salvador-Chalatenango,department,SV0010,19.0,,,
2017-08-11,El_Salvador-San_Salvador,department,SV0010,124.0,,,
2017-08-11,El_Salvador-Cuscatlan,department,SV0010,19.0,,,
2017-08-11,El_Salvador-La_Union,department,SV0010,5.0,,,
2017-08-18,El_Salvador-Cabañas,department,SV0010,6.0,,,
2017-08-18,El_Salvador-Honduras,department,SV0010,1.0,,,
2017-08-18,El_Salvador-Guatemala,department,SV0010,1.0,,,
2017-08-18,El_Salvador-Ahuachapan,department,SV0010,2.0,,,
2017-08-18,El_Salvador-La_Paz,department,SV0010,5.0,,,
2017-08-18,El_Salvador-Sonsonate,department,SV0010,11.0,,,
2017-08-18,El_Salvador-Morazan,department,SV0010,3.0,,,
2017-08-18,El_Salvador,country,SV0010,289.0,,,
2017-08-18,El_Salvador-La_Union,department,SV0010,6.0,,,
2017-08-18,El_Salvador-Cuscatlan,department,SV0010,19.0,,,
2017-08-18,El_Salvador-San_Salvador,department,SV0010,126.0,,,
2017-08-18,El_Salvador-Chalatenango,department,SV0010,19.0,,,
2017-08-18,El_Salvador-La_Libertad,department,SV0010,25.0,,,
2017-08-18,El_Salvador-Santa_Ana,department,SV0010,25.0,,,
2017-08-18,El_Salvador-Usulutan,department,SV0010,14.0,,,
2017-08-18,El_Salvador-San_Miguel,department,SV0010,14.0,,,
2017-08-18,El_Salvador-San_Vicente,department,SV0010,11.0,,,
2017-08-25,El_Salvador-Morazan,department,SV0010,3.0,,,
2017-08-25,El_Salvador-Honduras,department,SV0010,1.0,,,
2017-08-25,El_Salvador-Guatemala,department,SV0010,1.0,,,
2017-08-25,El_Salvador-Ahuachapan,department,SV0010,2.0,,,
2017-08-25,El_Salvador-La_Paz,department,SV0010,5.0,,,
2017-08-25,El_Salvador-Sonsonate,department,SV0010,14.0,,,
2017-08-25,El_Salvador-Cabañas,department,SV0010,6.0,,,
2017-08-25,El_Salvador-La_Union,department,SV0010,6.0,,,
2017-08-25,El_Salvador,country,SV0010,297.0,,,
2017-08-25,El_Salvador-San_Miguel,department,SV0010,15.0,,,
2017-08-25,El_Salvador-Usulutan,department,SV0010,14.0,,,
2017-08-25,El_Salvador-Santa_Ana,department,SV0010,28.0,,,
2017-08-25,El_Salvador-San_Vicente,department,SV0010,11.0,,,
2017-08-25,El_Salvador-Chalatenango,department,SV0010,18.0,,,
2017-08-25,El_Salvador-San_Salvador,department,SV0010,127.0,,,
2017-08-25,El_Salvador-Cuscatlan,department,SV0010,22.0,,,
2017-08-25,El_Salvador-La_Libertad,department,SV0010,24.0,,,
2017-09-01,El_Salvador,country,SV0010,310.0,,,
2017-09-01,El_Salvador-Honduras,department,SV0010,1.0,,,
2017-09-01,El_Salvador-Guatemala,department,SV0010,1.0,,,
2017-09-01,El_Salvador-Ahuachapan,department,SV0010,2.0,,,
2017-09-01,El_Salvador-La_Paz,department,SV0010,7.0,,,
2017-09-01,El_Salvador-Sonsonate,department,SV0010,14.0,,,
2017-09-01,El_Salvador-Cabañas,department,SV0010,7.0,,,
2017-09-01,El_Salvador-Morazan,department,SV0010,3.0,,,
2017-09-01,El_Salvador-La_Union,department,SV0010,6.0,,,
2017-09-01,El_Salvador-San_Miguel,department,SV0010,15.0,,,
2017-09-01,El_Salvador-Usulutan,department,SV0010,15.0,,,
2017-09-01,El_Salvador-Santa_Ana,department,SV0010,29.0,,,
2017-09-01,El_Salvador-San_Vicente,department,SV0010,12.0,,,
2017-09-01,El_Salvador-Chalatenango,department,SV0010,23.0,,,
2017-09-01,El_Salvador-San_Salvador,department,SV0010,131.0,,,
2017-09-01,El_Salvador-Cuscatlan,department,SV0010,19.0,,,
2017-09-01,El_Salvador-La_Libertad,department,SV0010,25.0,,,
2017-09-08,El_Salvador,country,SV0010,328.0,,,
2017-09-08,El_Salvador-Honduras,department,SV0010,1.0,,,
2017-09-08,El_Salvador-Guatemala,department,SV0010,1.0,,,
2017-09-08,El_Salvador-Ahuachapan,department,SV0010,2.0,,,
2017-09-08,El_Salvador-La_Paz,department,SV0010,7.0,,,
2017-09-08,El_Salvador-Sonsonate,department,SV0010,14.0,,,
2017-09-08,El_Salvador-Cabañas,department,SV0010,7.0,,,
2017-09-08,El_Salvador-Morazan,department,SV0010,3.0,,,
2017-09-08,El_Salvador-La_Libertad,department,SV0010,25.0,,,
2017-09-08,El_Salvador-San_Miguel,department,SV0010,15.0,,,
2017-09-08,El_Salvador-Usulutan,department,SV0010,15.0,,,
2017-09-08,El_Salvador-Santa_Ana,department,SV0010,29.0,,,
2017-09-08,El_Salvador-San_Vicente,department,SV0010,12.0,,,
2017-09-08,El_Salvador-Chalatenango,department,SV0010,23.0,,,
2017-09-08,El_Salvador-San_Salvador,department,SV0010,131.0,,,
2017-09-08,El_Salvador-Cuscatlan,department,SV0010,19.0,,,
2017-09-08,El_Salvador-La_Union,department,SV0010,6.0,,,
2017-09-15,El_Salvador,country,SV0010,335.0,,,
2017-09-15,El_Salvador-Honduras,department,SV0010,1.0,,,
2017-09-15,El_Salvador-Guatemala,department,SV0010,1.0,,,
2017-09-15,El_Salvador-Ahuachapan,department,SV0010,3.0,,,
2017-09-15,El_Salvador-La_Paz,department,SV0010,8.0,,,
2017-09-15,El_Salvador-Sonsonate,department,SV0010,17.0,,,
2017-09-15,El_Salvador-Cabañas,department,SV0010,6.0,,,
2017-09-15,El_Salvador-Morazan,department,SV0010,3.0,,,
2017-09-15,El_Salvador-La_Union,department,SV0010,7.0,,,
2017-09-15,El_Salvador-La_Libertad,department,SV0010,29.0,,,
2017-09-15,El_Salvador-San_Miguel,department,SV0010,15.0,,,
2017-09-15,El_Salvador-Usulutan,department,SV0010,16.0,,,
2017-09-15,El_Salvador-Santa_Ana,department,SV0010,31.0,,,
2017-09-15,El_Salvador-San_Vicente,department,SV0010,12.0,,,
2017-09-15,El_Salvador-Chalatenango,department,SV0010,26.0,,,
2017-09-15,El_Salvador-San_Salvador,department,SV0010,139.0,,,
2017-09-15,El_Salvador-Cuscatlan,department,SV0010,21.0,,,
2017-09-22,El_Salvador-Honduras,department,SV0010,1.0,,,
2017-09-22,El_Salvador-Guatemala,department,SV0010,1.0,,,
2017-09-22,El_Salvador-Ahuachapan,department,SV0010,3.0,,,
2017-09-22,El_Salvador-La_Paz,department,SV0010,8.0,,,
2017-09-22,El_Salvador-Sonsonate,department,SV0010,17.0,,,
2017-09-22,El_Salvador-Cabanas,department,SV0010,6.0,,,
2017-09-22,El_Salvador-Morazan,department,SV0010,3.0,,,
2017-09-22,El_Salvador-La_Union,department,SV0010,7.0,,,
2017-09-22,El_Salvador,country,SV0010,341.0,,,
2017-09-22,El_Salvador-San_Miguel,department,SV0010,15.0,,,
2017-09-22,El_Salvador-Usulutan,department,SV0010,17.0,,,
2017-09-22,El_Salvador-Santa_Ana,department,SV0010,31.0,,,
2017-09-22,El_Salvador-San_Vicente,department,SV0010,12.0,,,
2017-09-22,El_Salvador-Chalatenango,department,SV0010,27.0,,,
2017-09-22,El_Salvador-San_Salvador,department,SV0010,143.0,,,
2017-09-22,El_Salvador-Cuscatlan,department,SV0010,21.0,,,
2017-09-22,El_Salvador-La_Libertad,department,SV0010,29.0,,,
2017-09-29,El_Salvador-Honduras,department,SV0010,1.0,,,
2017-09-29,El_Salvador-Guatemala,department,SV0010,1.0,,,
2017-09-29,El_Salvador-Ahuachapan,department,SV0010,3.0,,,
2017-09-29,El_Salvador-La_Paz,department,SV0010,9.0,,,
2017-09-29,El_Salvador-Sonsonate,department,SV0010,18.0,,,
2017-09-29,El_Salvador-Cabanas,department,SV0010,7.0,,,
2017-09-29,El_Salvador-Morazan,department,SV0010,3.0,,,
2017-09-29,El_Salvador-La_Union,department,SV0010,7.0,,,
2017-09-29,El_Salvador,country,SV0010,349.0,,,
2017-09-29,El_Salvador-San_Miguel,department,SV0010,15.0,,,
2017-09-29,El_Salvador-Usulutan,department,SV0010,17.0,,,
2017-09-29,El_Salvador-Santa_Ana,department,SV0010,31.0,,,
2017-09-29,El_Salvador-San_Vicente,department,SV0010,12.0,,,
2017-09-29,El_Salvador-Chalatenango,department,SV0010,27.0,,,
2017-09-29,El_Salvador-San_Salvador,department,SV0010,146.0,,,
2017-09-29,El_Salvador-Cuscatlan,department,SV0010,21.0,,,
2017-09-29,El_Salvador-La_Libertad,department,SV0010,30.0,,,
2017-10-06,El_Salvador,country,SV0010,362.0,,,
2017-10-06,El_Salvador-Honduras,department,SV0010,1.0,,,
2017-10-06,El_Salvador-Guatemala,department,SV0010,1.0,,,
2017-10-06,El_Salvador-Ahuachapan,department,SV0010,3.0,,,
2017-10-06,El_Salvador-La_Paz,department,SV0010,10.0,,,
2017-10-06,El_Salvador-Sonsonate,department,SV0010,21.0,,,
2017-10-06,El_Salvador-Cabanas,department,SV0010,9.0,,,
2017-10-06,El_Salvador-Morazan,department,SV0010,3.0,,,
2017-10-06,El_Salvador-La_Union,department,SV0010,7.0,,,
2017-10-06,El_Salvador-San_Miguel,department,SV0010,16.0,,,
2017-10-06,El_Salvador-Usulutan,department,SV0010,19.0,,,
2017-10-06,El_Salvador-Santa_Ana,department,SV0010,32.0,,,
2017-10-06,El_Salvador-San_Vicente,department,SV0010,13.0,,,
2017-10-06,El_Salvador-Chalatenango,department,SV0010,27.0,,,
2017-10-06,El_Salvador-San_Salvador,department,SV0010,149.0,,,
2017-10-06,El_Salvador-Cuscatlan,department,SV0010,20.0,,,
2017-10-06,El_Salvador-La_Libertad,department,SV0010,31.0,,,
2017-10-13,El_Salvador-Morazan,department,SV0010,3.0,,,
2017-10-13,El_Salvador-Honduras,department,SV0010,1.0,,,
2017-10-13,El_Salvador-Guatemala,department,SV0010,1.0,,,
2017-10-13,El_Salvador-Ahuachapan,department,SV0010,4.0,,,
2017-10-13,El_Salvador-La_Paz,department,SV0010,11.0,,,
2017-10-13,El_Salvador-Sonsonate,department,SV0010,24.0,,,
2017-10-13,El_Salvador-Cabanas,department,SV0010,9.0,,,
2017-10-13,El_Salvador-La_Union,department,SV0010,7.0,,,
2017-10-13,El_Salvador,country,SV0010,376.0,,,
2017-10-13,El_Salvador-San_Miguel,department,SV0010,17.0,,,
2017-10-13,El_Salvador-Cuscatlan,department,SV0010,20.0,,,
2017-10-13,El_Salvador-San_Salvador,department,SV0010,151.0,,,
2017-10-13,El_Salvador-Chalatenango,department,SV0010,30.0,,,
2017-10-13,El_Salvador-La_Libertad,department,SV0010,32.0,,,
2017-10-13,El_Salvador-Santa_Ana,department,SV0010,32.0,,,
2017-10-13,El_Salvador-Usulutan,department,SV0010,19.0,,,
2017-10-13,El_Salvador-San_Vicente,department,SV0010,15.0,,,
2017-10-20,El_Salvador-Honduras,department,SV0010,1.0,,,
2017-10-20,El_Salvador-Guatemala,department,SV0010,1.0,,,
2017-10-20,El_Salvador-Ahuachapan,department,SV0010,4.0,,,
2017-10-20,El_Salvador-La_Paz,department,SV0010,11.0,,,
2017-10-20,El_Salvador-Sonsonate,department,SV0010,25.0,,,
2017-10-20,El_Salvador-Cabanas,department,SV0010,10.0,,,
2017-10-20,El_Salvador-Morazan,department,SV0010,3.0,,,
2017-10-20,El_Salvador-La_Union,department,SV0010,7.0,,,
2017-10-20,El_Salvador,country,SV0010,382.0,,,
2017-10-20,El_Salvador-San_Miguel,department,SV0010,17.0,,,
2017-10-20,El_Salvador-Usulutan,department,SV0010,19.0,,,
2017-10-20,El_Salvador-Santa_Ana,department,SV0010,33.0,,,
2017-10-20,El_Salvador-San_Vicente,department,SV0010,15.0,,,
2017-10-20,El_Salvador-Chalatenango,department,SV0010,30.0,,,
2017-10-20,El_Salvador-San_Salvador,department,SV0010,152.0,,,
2017-10-20,El_Salvador-Cuscatlan,department,SV0010,20.0,,,
2017-10-20,El_Salvador-La_Libertad,department,SV0010,34.0,,,
2017-10-27,El_Salvador,country,SV0010,401.0,,,
2017-10-27,El_Salvador-Honduras,department,SV0010,1.0,,,
2017-10-27,El_Salvador-Guatemala,department,SV0010,1.0,,,
2017-10-27,El_Salvador-Ahuachapan,department,SV0010,5.0,,,
2017-10-27,El_Salvador-La_Paz,department,SV0010,11.0,,,
2017-10-27,El_Salvador-Sonsonate,department,SV0010,19.0,,,
2017-10-27,El_Salvador-Cabanas,department,SV0010,11.0,,,
2017-10-27,El_Salvador-Morazan,department,SV0010,3.0,,,
2017-10-27,El_Salvador-La_Union,department,SV0010,7.0,,,
2017-10-27,El_Salvador-San_Miguel,department,SV0010,19.0,,,
2017-10-27,El_Salvador-Usulutan,department,SV0010,27.0,,,
2017-10-27,El_Salvador-Santa_Ana,department,SV0010,34.0,,,
2017-10-27,El_Salvador-San_Vicente,department,SV0010,15.0,,,
2017-10-27,El_Salvador-San_Salvador,department,SV0010,157.0,,,
2017-10-27,El_Salvador-Cuscatlan,department,SV0010,23.0,,,
2017-10-27,El_Salvador-La_Libertad,department,SV0010,37.0,,,
2017-10-27,El_Salvador-Chalatenango,department,SV0010,31.0,,,
2017-11-03,El_Salvador,country,SV0010,409.0,,,
2017-11-03,El_Salvador-Morazan,department,SV0010,3.0,,,
2017-11-03,El_Salvador-Honduras,department,SV0010,1.0,,,
2017-11-03,El_Salvador-Guatemala,department,SV0010,1.0,,,
2017-11-03,El_Salvador-Ahuachapan,department,SV0010,5.0,,,
2017-11-03,El_Salvador-La_Paz,department,SV0010,11.0,,,
2017-11-03,El_Salvador-Sonsonate,department,SV0010,28.0,,,
2017-11-03,El_Salvador-Cabanas,department,SV0010,11.0,,,
2017-11-03,El_Salvador-La_Libertad,department,SV0010,38.0,,,
2017-11-03,El_Salvador-San_Miguel,department,SV0010,19.0,,,
2017-11-03,El_Salvador-Usulutan,department,SV0010,19.0,,,
2017-11-03,El_Salvador-Santa_Ana,department,SV0010,34.0,,,
2017-11-03,El_Salvador-San_Vicente,department,SV0010,16.0,,,
2017-11-03,El_Salvador-Chalatenango,department,SV0010,32.0,,,
2017-11-03,El_Salvador-San_Salvador,department,SV0010,160.0,,,
2017-11-03,El_Salvador-Cuscatlan,department,SV0010,23.0,,,
2017-11-03,El_Salvador-La_Union,department,SV0010,8.0,,,
2017-11-10,El_Salvador-Honduras,department,SV0010,1.0,,,
2017-11-10,El_Salvador-Guatemala,department,SV0010,1.0,,,
2017-11-10,El_Salvador-Ahuachapan,department,SV0010,5.0,,,
2017-11-10,El_Salvador-La_Paz,department,SV0010,11.0,,,
2017-11-10,El_Salvador-Sonsonate,department,SV0010,19.0,,,
2017-11-10,El_Salvador-Cabanas,department,SV0010,12.0,,,
2017-11-10,El_Salvador-Morazan,department,SV0010,3.0,,,
2017-11-10,El_Salvador-La_Union,department,SV0010,8.0,,,
2017-11-10,El_Salvador,country,SV0010,415.0,,,
2017-11-10,El_Salvador-San_Miguel,department,SV0010,21.0,,,
2017-11-10,El_Salvador-Usulutan,department,SV0010,28.0,,,
2017-11-10,El_Salvador-Santa_Ana,department,SV0010,34.0,,,
2017-11-10,El_Salvador-San_Vicente,department,SV0010,16.0,,,
2017-11-10,El_Salvador-Chalatenango,department,SV0010,32.0,,,
2017-11-10,El_Salvador-San_Salvador,department,SV0010,162.0,,,
2017-11-10,El_Salvador-Cuscatlan,department,SV0010,23.0,,,
2017-11-10,El_Salvador-La_Libertad,department,SV0010,39.0,,,
2017-11-17,El_Salvador,country,SV0010,422.0,,,
2017-11-17,El_Salvador-Honduras,department,SV0010,1.0,,,
2017-11-17,El_Salvador-Guatemala,department,SV0010,1.0,,,
2017-11-17,El_Salvador-Ahuachapan,department,SV0010,5.0,,,
2017-11-17,El_Salvador-La_Paz,department,SV0010,11.0,,,
2017-11-17,El_Salvador-Sonsonate,department,SV0010,19.0,,,
2017-11-17,El_Salvador-Cabanas,department,SV0010,13.0,,,
2017-11-17,El_Salvador-Morazan,department,SV0010,3.0,,,
2017-11-17,El_Salvador-La_Libertad,department,SV0010,39.0,,,
2017-11-17,El_Salvador-San_Miguel,department,SV0010,23.0,,,
2017-11-17,El_Salvador-Usulutan,department,SV0010,28.0,,,
2017-11-17,El_Salvador-Santa_Ana,department,SV0010,34.0,,,
2017-11-17,El_Salvador-San_Vicente,department,SV0010,16.0,,,
2017-11-17,El_Salvador-Chalatenango,department,SV0010,32.0,,,
2017-11-17,El_Salvador-San_Salvador,department,SV0010,166.0,,,
2017-11-17,El_Salvador-Cuscatlan,department,SV0010,23.0,,,
2017-11-17,El_Salvador-La_Union,department,SV0010,8.0,,,
2017-11-24,El_Salvador-Morazan,department,SV0010,3.0,,,
2017-11-24,El_Salvador-Guatemala,department,SV0010,1.0,,,
2017-11-24,El_Salvador-Ahuachapan,department,SV0010,5.0,,,
2017-11-24,El_Salvador-La_Paz,department,SV0010,11.0,,,
2017-11-24,El_Salvador-Sonsonate,department,SV0010,19.0,,,
2017-11-24,El_Salvador-Cabanas,department,SV0010,13.0,,,
2017-11-24,El_Salvador-La_Union,department,SV0010,8.0,,,
2017-11-24,El_Salvador-Honduras,department,SV0010,1.0,,,
2017-11-24,El_Salvador-San_Miguel,department,SV0010,23.0,,,
2017-11-24,El_Salvador-Usulutan,department,SV0010,28.0,,,
2017-11-24,El_Salvador-Santa_Ana,department,SV0010,34.0,,,
2017-11-24,El_Salvador-San_Vicente,department,SV0010,16.0,,,
2017-11-24,El_Salvador-Chalatenango,department,SV0010,32.0,,,
2017-11-24,El_Salvador-San_Salvador,department,SV0010,166.0,,,
2017-11-24,El_Salvador-Cuscatlan,department,SV0010,23.0,,,
2017-11-24,El_Salvador-La_Libertad,department,SV0010,39.0,,,
2017-11-24,El_Salvador,country,SV0010,422.0,,,
,El_Salvador-Cuscatlan,department,SV0010,24.0,,,2017-12-01
,El_Salvador-San_Salvador,department,SV0010,172.0,,,2017-12-01
,El_Salvador-Chalatenango,department,SV0010,33.0,,,2017-12-01
,El_Salvador-San_Vicente,department,SV0010,17.0,,,2017-12-01
,El_Salvador-Santa_Ana,department,SV0010,36.0,,,2017-12-01
,El_Salvador-Usulutan,department,SV0010,28.0,,,2017-12-01
,El_Salvador-San_Miguel,department,SV0010,23.0,,,2017-12-01
,El_Salvador-La_Libertad,department,SV0010,40.0,,,2017-12-01
,El_Salvador-La_Union,department,SV0010,8.0,,,2017-12-01
,El_Salvador-Morazan,department,SV0010,3.0,,,2017-12-01
,El_Salvador-Cabanas,department,SV0010,14.0,,,2017-12-01
,El_Salvador-Sonsonate,department,SV0010,19.0,,,2017-12-01
,El_Salvador-La_Paz,department,SV0010,11.0,,,2017-12-01
,El_Salvador-Ahuachapan,department,SV0010,3.0,,,2017-12-01
,El_Salvador-Guatemala,department,SV0010,1.0,,,2017-12-01
,El_Salvador-Honduras,department,SV0010,1.0,,,2017-12-01
,El_Salvador,country,SV0010,436.0,,,2017-12-01
,El_Salvador-Cuscatlan,department,SV0010,17.0,,,2017-12-08
,El_Salvador-San_Salvador,department,SV0010,172.0,,,2017-12-08
,El_Salvador-Chalatenango,department,SV0010,34.0,,,2017-12-08
,El_Salvador-San_Vicente,department,SV0010,25.0,,,2017-12-08
,El_Salvador-Santa_Ana,department,SV0010,36.0,,,2017-12-08
,El_Salvador-Usulutan,department,SV0010,28.0,,,2017-12-08
,El_Salvador-San_Miguel,department,SV0010,23.0,,,2017-12-08
,El_Salvador-La_Libertad,department,SV0010,40.0,,,2017-12-08
,El_Salvador-La_Union,department,SV0010,8.0,,,2017-12-08
,El_Salvador-Morazan,department,SV0010,3.0,,,2017-12-08
,El_Salvador-Cabanas,department,SV0010,14.0,,,2017-12-08
,El_Salvador-Sonsonate,department,SV0010,19.0,,,2017-12-08
,El_Salvador-La_Paz,department,SV0010,11.0,,,2017-12-08
,El_Salvador-Ahuachapan,department,SV0010,3.0,,,2017-12-08
,El_Salvador-Guatemala,department,SV0010,1.0,,,2017-12-08
,El_Salvador-Honduras,department,SV0010,1.0,,,2017-12-08
,El_Salvador,country,SV0010,438.0,,,2017-12-08
,El_Salvador-Cuscatlan,department,SV0010,17.0,,,2017-12-15
,El_Salvador-San_Salvador,department,SV0010,172.0,,,2017-12-15
,El_Salvador-Chalatenango,department,SV0010,34.0,,,2017-12-15
,El_Salvador-San_Vicente,department,SV0010,25.0,,,2017-12-15
,El_Salvador-Santa_Ana,department,SV0010,36.0,,,2017-12-15
,El_Salvador-Usulutan,department,SV0010,28.0,,,2017-12-15
,El_Salvador-San_Miguel,department,SV0010,23.0,,,2017-12-15
,El_Salvador-La_Libertad,department,SV0010,40.0,,,2017-12-15
,El_Salvador-La_Union,department,SV0010,8.0,,,2017-12-15
,El_Salvador-Morazan,department,SV0010,3.0,,,2017-12-15
,El_Salvador-Cabanas,department,SV0010,14.0,,,2017-12-15
,El_Salvador-Sonsonate,department,SV0010,19.0,,,2017-12-15
,El_Salvador-La_Paz,department,SV0010,11.0,,,2017-12-15
,El_Salvador-Ahuachapan,department,SV0010,3.0,,,2017-12-15
,El_Salvador-Guatemala,department,SV0010,1.0,,,2017-12-15
,El_Salvador-Honduras,department,SV0010,1.0,,,2017-12-15
,El_Salvador,country,SV0010,439.0,,,2017-12-15
,El_Salvador-Cuscatlan,department,SV0010,25.0,,,2017-12-22
,El_Salvador-San_Salvador,department,SV0010,174.0,,,2017-12-22
,El_Salvador-Chalatenango,department,SV0010,34.0,,,2017-12-22
,El_Salvador-San_Vicente,department,SV0010,17.0,,,2017-12-22
,El_Salvador-Santa_Ana,department,SV0010,36.0,,,2017-12-22
,El_Salvador-Usulutan,department,SV0010,21.0,,,2017-12-22
,El_Salvador-San_Miguel,department,SV0010,24.0,,,2017-12-22
,El_Salvador-La_Libertad,department,SV0010,43.0,,,2017-12-22
,El_Salvador-La_Union,department,SV0010,8.0,,,2017-12-22
,El_Salvador-Morazan,department,SV0010,3.0,,,2017-12-22
,El_Salvador-Cabanas,department,SV0010,14.0,,,2017-12-22
,El_Salvador-Sonsonate,department,SV0010,29.0,,,2017-12-22
,El_Salvador-La_Paz,department,SV0010,12.0,,,2017-12-22
,El_Salvador-Ahuachapan,department,SV0010,3.0,,,2017-12-22
,El_Salvador-Guatemala,department,SV0010,1.0,,,2017-12-22
,El_Salvador-Honduras,department,SV0010,1.0,,,2017-12-22
,El_Salvador,country,SV0010,450.0,,,2017-12-22
