report_date,location,location_type,data_field_code,value,ï»¿report_date
2015-12-09,Guatemala,country,GT0001,2.0,
2015-12-16,Guatemala,country,GT0001,10.0,
2016-01-19,Guatemala,country,GT0001,25.0,
2016-01-19,Guatemala-Zacapa,municipality,GT0001,11.0,
2016-01-19,Guatemala-Suchitepequez,municipality,GT0001,9.0,
2016-01-19,Guatemala-Izabal,municipality,GT0001,2.0,
2016-01-19,Guatemala-Peten_Sur_Oriental,municipality,GT0001,1.0,
2016-01-19,Guatemala-Nor_Occidente,municipality,GT0001,1.0,
2016-01-19,Guatemala-Quetzaltenango,municipality,GT0001,1.0,
2016-02-09,Guatemala-Quetzaltenango,municipality,GT0001,30.0,
2016-02-09,Guatemala-Izabal,municipality,GT0001,1.0,
2016-02-09,Guatemala-Chiquimula,municipality,GT0001,3.0,
2016-02-09,Guatemala-Santa_Rosa,municipality,GT0001,0.0,
2016-02-09,Guatemala-Peten_Sur_Oriental,municipality,GT0001,1.0,
2016-02-09,Guatemala-Nor_Occidente,municipality,GT0001,0.0,
2016-02-09,Guatemala-Retalhuleu,municipality,GT0001,0.0,
2016-02-09,Guatemala-Sacatepequez,municipality,GT0001,1.0,
2016-02-09,Guatemala-Escuintla,municipality,GT0001,2.0,
2016-02-09,Guatemala-Zacapa,municipality,GT0001,10.0,
2016-02-09,Guatemala-Sur,municipality,GT0001,0.0,
2016-02-09,Guatemala-El_Progreso,municipality,GT0001,0.0,
2016-02-09,Guatemala,country,GT0001,57.0,
2016-02-09,Guatemala-Suchitepequez,municipality,GT0001,9.0,
2016-02-23,Guatemala-Quetzaltenango,municipality,GT0001,49.0,
2016-02-23,Guatemala-Zacapa,municipality,GT0001,12.0,
2016-02-23,Guatemala-Sacatepequez,municipality,GT0001,0.0,
2016-02-23,Guatemala-Central,municipality,GT0001,2.0,
2016-02-23,Guatemala-Nor_Occidente,municipality,GT0001,0.0,
2016-02-23,Guatemala-El_Progreso,municipality,GT0001,0.0,
2016-02-23,Guatemala-Jutiapa,municipality,GT0001,5.0,
2016-02-23,Guatemala-Escuintla,municipality,GT0001,0.0,
2016-02-23,Guatemala-Sur,municipality,GT0001,3.0,
2016-02-23,Guatemala-Peten_Sur_Oriental,municipality,GT0001,4.0,
2016-02-23,Guatemala-Izabal,municipality,GT0001,6.0,
2016-02-23,Guatemala-Chiquimula,municipality,GT0001,3.0,
2016-02-23,Guatemala-Suchitepequez,municipality,GT0001,4.0,
2016-02-23,Guatemala-Retalhuleu,municipality,GT0001,11.0,
2016-02-23,Guatemala-Santa_Rosa,municipality,GT0001,10.0,
2016-02-23,Guatemala,country,GT0001,127.0,
2016-02-23,Guatemala-San_Marcos,municipality,GT0001,18.0,
2016-03-08,Guatemala-Central,municipality,GT0001,0.0,
2016-03-08,Guatemala-Peten_Sur_Occidental,municipality,GT0001,0.0,
2016-03-08,Guatemala-El_Progreso,municipality,GT0001,0.0,
2016-03-08,Guatemala-Sacatepequez,municipality,GT0001,0.0,
2016-03-08,Guatemala-Nor_Occidente,municipality,GT0001,0.0,
2016-03-08,Guatemala-Solola,municipality,GT0001,0.0,
2016-03-08,Guatemala-Escuintla,municipality,GT0001,0.0,
2016-03-08,Guatemala-Sur,municipality,GT0001,0.0,
2016-03-08,Guatemala-San_Marcos,municipality,GT0001,2.0,
2016-03-08,Guatemala-Quetzaltenango,municipality,GT0001,6.0,
2016-03-08,Guatemala-Izabal,municipality,GT0001,3.0,
2016-03-08,Guatemala-Suchitepequez,municipality,GT0001,4.0,
2016-03-08,Guatemala-Peten_Sur_Oriental,municipality,GT0001,2.0,
2016-03-08,Guatemala-Retalhuleu,municipality,GT0001,0.0,
2016-03-08,Guatemala-Chiquimula,municipality,GT0001,7.0,
2016-03-08,Guatemala-Santa_Rosa,municipality,GT0001,4.0,
2016-03-08,Guatemala-Nor_Oriente,municipality,GT0001,1.0,
2016-03-08,Guatemala-Zacapa,municipality,GT0001,8.0,
2016-03-08,Guatemala,country,GT0001,41.0,
2016-03-08,Guatemala-Jutiapa,municipality,GT0001,4.0,
2016-03-22,Guatemala,country,GT0001,29.0,
2016-03-22,Guatemala-Zacapa,municipality,GT0001,1.0,
2016-03-22,Guatemala-San_Marcos,municipality,GT0001,0.0,
2016-03-22,Guatemala-Central,municipality,GT0001,0.0,
2016-03-22,Guatemala-Peten_Norte,municipality,GT0001,0.0,
2016-03-22,Guatemala-Suchitepequez,municipality,GT0001,0.0,
2016-03-22,Guatemala-Jutiapa,municipality,GT0001,0.0,
2016-03-22,Guatemala-Izabal,municipality,GT0001,2.0,
2016-03-22,Guatemala-Peten_Sur_Oriental,municipality,GT0001,1.0,
2016-03-22,Guatemala-Retalhuleu,municipality,GT0001,4.0,
2016-03-22,Guatemala-Chiquimula,municipality,GT0001,4.0,
2016-03-22,Guatemala-Santa_Rosa,municipality,GT0001,6.0,
2016-03-22,Guatemala-Quetzaltenango,municipality,GT0001,7.0,
2016-03-22,Guatemala-Escuintla,municipality,GT0001,0.0,
2016-03-22,Guatemala-Peten_Sur_Occidental,municipality,GT0001,0.0,
2016-03-22,Guatemala-El_Progreso,municipality,GT0001,0.0,
2016-03-22,Guatemala-Sur,municipality,GT0001,1.0,
2016-03-22,Guatemala-Sacatepequez,municipality,GT0001,0.0,
2016-03-22,Guatemala-El_Quiche,municipality,GT0001,0.0,
2016-03-22,Guatemala-Jalapa,municipality,GT0001,0.0,
2016-03-22,Guatemala-Solola,municipality,GT0001,0.0,
2016-03-22,Guatemala-Nor_Occidente,municipality,GT0001,1.0,
2016-03-22,Guatemala-Nor_Oriente,municipality,GT0001,2.0,
2016-03-30,Guatemala-Solola,municipality,GT0001,0.0,
2016-03-30,Guatemala-Jalapa,municipality,GT0001,0.0,
2016-03-30,Guatemala-El_Quiche,municipality,GT0001,0.0,
2016-03-30,Guatemala-Sacatepequez,municipality,GT0001,0.0,
2016-03-30,Guatemala-Chiquimula,municipality,GT0001,4.0,
2016-03-30,Guatemala-Santa_Rosa,municipality,GT0001,0.0,
2016-03-30,Guatemala-El_Progreso,municipality,GT0001,0.0,
2016-03-30,Guatemala-Peten_Sur_Oriental,municipality,GT0001,0.0,
2016-03-30,Guatemala-Izabal,municipality,GT0001,1.0,
2016-03-30,Guatemala-Suchitepequez,municipality,GT0001,0.0,
2016-03-30,Guatemala-Jutiapa,municipality,GT0001,0.0,
2016-03-30,Guatemala-San_Marcos,municipality,GT0001,0.0,
2016-03-30,Guatemala-Quetzaltenango,municipality,GT0001,4.0,
2016-03-30,Guatemala-Central,municipality,GT0001,0.0,
2016-03-30,Guatemala-Escuintla,municipality,GT0001,0.0,
2016-03-30,Guatemala-Peten_Norte,municipality,GT0001,0.0,
2016-03-30,Guatemala-Peten_Sur_Occidental,municipality,GT0001,1.0,
2016-03-30,Guatemala-Nor_Occidente,municipality,GT0001,0.0,
2016-03-30,Guatemala-Retalhuleu,municipality,GT0001,2.0,
2016-03-30,Guatemala-Zacapa,municipality,GT0001,1.0,
2016-03-30,Guatemala-Nor_Oriente,municipality,GT0001,0.0,
2016-03-30,Guatemala-Sur,municipality,GT0001,0.0,
2016-03-30,Guatemala,country,GT0001,13.0,
2016-04-05,Guatemala-Peten_Norte,municipality,GT0001,0.0,
2016-04-05,Guatemala-Solola,municipality,GT0001,0.0,
2016-04-05,Guatemala-El_Quiche,municipality,GT0001,0.0,
2016-04-05,Guatemala-Sacatepequez,municipality,GT0001,0.0,
2016-04-05,Guatemala-Sur,municipality,GT0001,0.0,
2016-04-05,Guatemala-Nor_Occidente,municipality,GT0001,0.0,
2016-04-05,Guatemala-Peten_Sur_Occidental,municipality,GT0001,0.0,
2016-04-05,Guatemala-Nor_Oriente,municipality,GT0001,0.0,
2016-04-05,Guatemala-Central,municipality,GT0001,0.0,
2016-04-05,Guatemala-El_Progreso,municipality,GT0001,0.0,
2016-04-05,Guatemala-Escuintla,municipality,GT0001,0.0,
2016-04-05,Guatemala-Jalapa,municipality,GT0001,0.0,
2016-04-05,Guatemala-Suchitepequez,municipality,GT0001,0.0,
2016-04-05,Guatemala-Jutiapa,municipality,GT0001,1.0,
2016-04-05,Guatemala-Izabal,municipality,GT0001,1.0,
2016-04-05,Guatemala-Peten_Sur_Oriental,municipality,GT0001,0.0,
2016-04-05,Guatemala-Retalhuleu,municipality,GT0001,0.0,
2016-04-05,Guatemala-Chiquimula,municipality,GT0001,1.0,
2016-04-05,Guatemala-Santa_Rosa,municipality,GT0001,1.0,
2016-04-05,Guatemala-Quetzaltenango,municipality,GT0001,0.0,
2016-04-05,Guatemala-Zacapa,municipality,GT0001,1.0,
2016-04-05,Guatemala,country,GT0001,5.0,
2016-04-05,Guatemala-San_Marcos,municipality,GT0001,0.0,
2016-05-07,Guatemala-Peten_Sur_Occidental,municipality,GT0001,0.0,
2016-05-07,Guatemala-El_Progreso,municipality,GT0001,0.0,
2016-05-07,Guatemala-Central,municipality,GT0001,1.0,
2016-05-07,Guatemala-Nor_Oriente,municipality,GT0001,1.0,
2016-05-07,Guatemala-El_Quiche,municipality,GT0001,1.0,
2016-05-07,Guatemala-Nor_Occidente,municipality,GT0001,0.0,
2016-05-07,Guatemala-Chimaltenango,municipality,GT0001,0.0,
2016-05-07,Guatemala-Sacatepequez,municipality,GT0001,0.0,
2016-05-07,Guatemala-Solola,municipality,GT0001,0.0,
2016-05-07,Guatemala-San_Marcos,municipality,GT0001,0.0,
2016-05-07,Guatemala-Sur,municipality,GT0001,0.0,
2016-05-07,Guatemala-Peten_Norte,municipality,GT0001,0.0,
2016-05-07,Guatemala-Escuintla,municipality,GT0001,0.0,
2016-05-07,Guatemala-Izabal,municipality,GT0001,1.0,
2016-05-07,Guatemala-Chiquimula,municipality,GT0001,5.0,
2016-05-07,Guatemala-Quetzaltenango,municipality,GT0001,7.0,
2016-05-07,Guatemala-Santa_Rosa,municipality,GT0001,14.0,
2016-05-07,Guatemala-Zacapa,municipality,GT0001,0.0,
2016-05-07,Guatemala,country,GT0001,34.0,
2016-05-07,Guatemala-Retalhuleu,municipality,GT0001,1.0,
2016-05-07,Guatemala-Peten_Sur_Oriental,municipality,GT0001,1.0,
2016-05-07,Guatemala-Jutiapa,municipality,GT0001,2.0,
2016-05-07,Guatemala-Jalapa,municipality,GT0001,0.0,
2016-05-07,Guatemala-Suchitepequez,municipality,GT0001,0.0,
2016-05-14,Guatemala-Santa_Rosa,municipality,GT0001,9.0,
2016-05-14,Guatemala-Zacapa,municipality,GT0001,0.0,
2016-05-14,Guatemala,country,GT0001,31.0,
2016-05-14,Guatemala-Jutiapa,municipality,GT0001,0.0,
2016-05-14,Guatemala-Suchitepequez,municipality,GT0001,1.0,
2016-05-14,Guatemala-Retalhuleu,municipality,GT0001,0.0,
2016-05-14,Guatemala-Jalapa,municipality,GT0001,4.0,
2016-05-14,Guatemala-Peten_Sur_Oriental,municipality,GT0001,2.0,
2016-05-14,Guatemala-Izabal,municipality,GT0001,1.0,
2016-05-14,Guatemala-Peten_Norte,municipality,GT0001,0.0,
2016-05-14,Guatemala-El_Progreso,municipality,GT0001,1.0,
2016-05-14,Guatemala-Quetzaltenango,municipality,GT0001,7.0,
2016-05-14,Guatemala-San_Marcos,municipality,GT0001,2.0,
2016-05-14,Guatemala-Central,municipality,GT0001,2.0,
2016-05-14,Guatemala-Nor_Oriente,municipality,GT0001,0.0,
2016-05-14,Guatemala-Peten_Sur_Occidental,municipality,GT0001,0.0,
2016-05-14,Guatemala-El_Quiche,municipality,GT0001,0.0,
2016-05-14,Guatemala-Nor_Occidente,municipality,GT0001,0.0,
2016-05-14,Guatemala-Ixcan,municipality,GT0001,0.0,
2016-05-14,Guatemala-Sur,municipality,GT0001,0.0,
2016-05-14,Guatemala-Chimaltenango,municipality,GT0001,0.0,
2016-05-14,Guatemala-Sacatepequez,municipality,GT0001,0.0,
2016-05-14,Guatemala-Solola,municipality,GT0001,0.0,
2016-05-14,Guatemala-Escuintla,municipality,GT0001,0.0,
2016-05-14,Guatemala-Chiquimula,municipality,GT0001,2.0,
2016-05-23,Guatemala-Chiquimula,municipality,GT0001,2.0,
2016-05-23,Guatemala-Sur,municipality,GT0001,0.0,
2016-05-23,Guatemala-Santa_Rosa,municipality,GT0001,0.0,
2016-05-23,Guatemala-Quetzaltenango,municipality,GT0001,2.0,
2016-05-23,Guatemala-Nor_Occidente,municipality,GT0001,0.0,
2016-05-23,Guatemala-Suchitepequez,municipality,GT0001,2.0,
2016-05-23,Guatemala-Retalhuleu,municipality,GT0001,0.0,
2016-05-23,Guatemala-Jalapa,municipality,GT0001,3.0,
2016-05-23,Guatemala-Peten_Sur_Oriental,municipality,GT0001,0.0,
2016-05-23,Guatemala-Zacapa,municipality,GT0001,1.0,
2016-05-23,Guatemala-Jutiapa,municipality,GT0001,1.0,
2016-05-23,Guatemala-Escuintla,municipality,GT0001,1.0,
2016-05-23,Guatemala-El_Progreso,municipality,GT0001,0.0,
2016-05-23,Guatemala-Peten_Norte,municipality,GT0001,0.0,
2016-05-23,Guatemala-San_Marcos,municipality,GT0001,0.0,
2016-05-23,Guatemala-Central,municipality,GT0001,2.0,
2016-05-23,Guatemala-Ixcan,municipality,GT0001,2.0,
2016-05-23,Guatemala-Nor_Oriente,municipality,GT0001,0.0,
2016-05-23,Guatemala-Izabal,municipality,GT0001,0.0,
2016-05-23,Guatemala,country,GT0001,16.0,
2016-05-23,Guatemala-Peten_Sur_Occidental,municipality,GT0001,0.0,
2016-05-23,Guatemala-Chimaltenango,municipality,GT0001,0.0,
2016-05-23,Guatemala-Sacatepequez,municipality,GT0001,0.0,
2016-05-23,Guatemala-Solola,municipality,GT0001,0.0,
2016-05-23,Guatemala-Alta_Verapaz,municipality,GT0001,0.0,
2016-05-23,Guatemala-El_Quiche,municipality,GT0001,0.0,
2016-05-30,Guatemala-Quetzaltenango,municipality,GT0001,0.0,
2016-05-30,Guatemala-Suchitepequez,municipality,GT0001,0.0,
2016-05-30,Guatemala-Chiquimula,municipality,GT0001,3.0,
2016-05-30,Guatemala-Jalapa,municipality,GT0001,9.0,
2016-05-30,Guatemala-Retalhuleu,municipality,GT0001,0.0,
2016-05-30,Guatemala-El_Progreso,municipality,GT0001,4.0,
2016-05-30,Guatemala-Escuintla,municipality,GT0001,1.0,
2016-05-30,Guatemala-Jutiapa,municipality,GT0001,0.0,
2016-05-30,Guatemala-Peten_Norte,municipality,GT0001,0.0,
2016-05-30,Guatemala-San_Marcos,municipality,GT0001,0.0,
2016-05-30,Guatemala,country,GT0001,51.0,
2016-05-30,Guatemala-Nor_Oriente,municipality,GT0001,0.0,
2016-05-30,Guatemala-Central,municipality,GT0001,2.0,
2016-05-30,Guatemala-Peten_Sur_Oriental,municipality,GT0001,4.0,
2016-05-30,Guatemala-Izabal,municipality,GT0001,1.0,
2016-05-30,Guatemala-Zacapa,municipality,GT0001,13.0,
2016-05-30,Guatemala-Ixcan,municipality,GT0001,0.0,
2016-05-30,Guatemala-Alta_Verapaz,municipality,GT0001,0.0,
2016-05-30,Guatemala-Baja_Verapaz,municipality,GT0001,0.0,
2016-05-30,Guatemala-Solola,municipality,GT0001,0.0,
2016-05-30,Guatemala-Sacatepequez,municipality,GT0001,0.0,
2016-05-30,Guatemala-Chimaltenango,municipality,GT0001,0.0,
2016-05-30,Guatemala-Huehuetenango,municipality,GT0001,0.0,
2016-05-30,Guatemala-Sur,municipality,GT0001,0.0,
2016-05-30,Guatemala-Santa_Rosa,municipality,GT0001,14.0,
2016-05-30,Guatemala-Nor_Occidente,municipality,GT0001,0.0,
2016-05-30,Guatemala-Peten_Sur_Occidental,municipality,GT0001,0.0,
2016-05-30,Guatemala-El_Quiche,municipality,GT0001,0.0,
2016-06-06,Guatemala-Nor_Occidente,municipality,GT0001,0.0,
2016-06-06,Guatemala-San_Marcos,municipality,GT0001,0.0,
2016-06-06,Guatemala-Nor_Oriente,municipality,GT0001,3.0,
2016-06-06,Guatemala-Central,municipality,GT0001,0.0,
2016-06-06,Guatemala-Peten_Sur_Occidental,municipality,GT0001,1.0,
2016-06-06,Guatemala-Sur,municipality,GT0001,2.0,
2016-06-06,Guatemala-Solola,municipality,GT0001,0.0,
2016-06-06,Guatemala-Baja_Verapaz,municipality,GT0001,0.0,
2016-06-06,Guatemala-Chimaltenango,municipality,GT0001,0.0,
2016-06-06,Guatemala-Sacatepequez,municipality,GT0001,0.0,
2016-06-06,Guatemala-Huehuetenango,municipality,GT0001,0.0,
2016-06-06,Guatemala-Peten_Norte,municipality,GT0001,0.0,
2016-06-06,Guatemala-Alta_Verapaz,municipality,GT0001,0.0,
2016-06-06,Guatemala-El_Quiche,municipality,GT0001,0.0,
2016-06-06,Guatemala-Escuintla,municipality,GT0001,4.0,
2016-06-06,Guatemala-Ixcan,municipality,GT0001,0.0,
2016-06-06,Guatemala-Jutiapa,municipality,GT0001,2.0,
2016-06-06,Guatemala-Izabal,municipality,GT0001,0.0,
2016-06-06,Guatemala-El_Progreso,municipality,GT0001,13.0,
2016-06-06,Guatemala-Chiquimula,municipality,GT0001,8.0,
2016-06-06,Guatemala-Santa_Rosa,municipality,GT0001,9.0,
2016-06-06,Guatemala-Zacapa,municipality,GT0001,4.0,
2016-06-06,Guatemala,country,GT0001,53.0,
2016-06-06,Guatemala-Quetzaltenango,municipality,GT0001,3.0,
2016-06-06,Guatemala-Suchitepequez,municipality,GT0001,0.0,
2016-06-06,Guatemala-Jalapa,municipality,GT0001,1.0,
2016-06-06,Guatemala-Retalhuleu,municipality,GT0001,0.0,
2016-06-06,Guatemala-Peten_Sur_Oriental,municipality,GT0001,3.0,
2016-06-14,Guatemala-Chiquimula,municipality,GT0001,15.0,
2016-06-14,Guatemala-Santa_Rosa,municipality,GT0001,19.0,
2016-06-14,Guatemala-Escuintla,municipality,GT0001,0.0,
2016-06-14,Guatemala-El_Progreso,municipality,GT0001,10.0,
2016-06-14,Guatemala-Suchitepequez,municipality,GT0001,0.0,
2016-06-14,Guatemala-Jalapa,municipality,GT0001,2.0,
2016-06-14,Guatemala-Peten_Sur_Oriental,municipality,GT0001,6.0,
2016-06-14,Guatemala-Retalhuleu,municipality,GT0001,0.0,
2016-06-14,Guatemala-Jutiapa,municipality,GT0001,2.0,
2016-06-14,Guatemala-Izabal,municipality,GT0001,2.0,
2016-06-14,Guatemala-Quetzaltenango,municipality,GT0001,4.0,
2016-06-14,Guatemala-Peten_Norte,municipality,GT0001,0.0,
2016-06-14,Guatemala-Sur,municipality,GT0001,3.0,
2016-06-14,Guatemala-Central,municipality,GT0001,1.0,
2016-06-14,Guatemala-Nor_Oriente,municipality,GT0001,0.0,
2016-06-14,Guatemala-Ixcan,municipality,GT0001,1.0,
2016-06-14,Guatemala-Peten_Sur_Occidental,municipality,GT0001,0.0,
2016-06-14,Guatemala-Nor_Occidente,municipality,GT0001,0.0,
2016-06-14,Guatemala-El_Quiche,municipality,GT0001,0.0,
2016-06-14,Guatemala-Baja_Verapaz,municipality,GT0001,0.0,
2016-06-14,Guatemala-Chimaltenango,municipality,GT0001,0.0,
2016-06-14,Guatemala-Alta_Verapaz,municipality,GT0001,0.0,
2016-06-14,Guatemala-Huehuetenango,municipality,GT0001,0.0,
2016-06-14,Guatemala-Sacatepequez,municipality,GT0001,0.0,
2016-06-14,Guatemala,country,GT0001,90.0,
2016-06-14,Guatemala-San_Marcos,municipality,GT0001,1.0,
2016-06-14,Guatemala-Solola,municipality,GT0001,0.0,
2016-06-14,Guatemala-Zacapa,municipality,GT0001,24.0,
2016-06-21,Guatemala-Huehuetenango,municipality,GT0001,0.0,
2016-06-21,Guatemala-Alta_Verapaz,municipality,GT0001,0.0,
2016-06-21,Guatemala-Solola,municipality,GT0001,0.0,
2016-06-21,Guatemala-Sacatepequez,municipality,GT0001,0.0,
2016-06-21,Guatemala-Chimaltenango,municipality,GT0001,0.0,
2016-06-21,Guatemala-El_Quiche,municipality,GT0001,0.0,
2016-06-21,Guatemala-Nor_Occidente,municipality,GT0001,0.0,
2016-06-21,Guatemala-Baja_Verapaz,municipality,GT0001,2.0,
2016-06-21,Guatemala-Peten_Sur_Occidental,municipality,GT0001,0.0,
2016-06-21,Guatemala-Ixcan,municipality,GT0001,0.0,
2016-06-21,Guatemala-Nor_Oriente,municipality,GT0001,3.0,
2016-06-21,Guatemala-San_Marcos,municipality,GT0001,0.0,
2016-06-21,Guatemala-Central,municipality,GT0001,12.0,
2016-06-21,Guatemala-Peten_Norte,municipality,GT0001,0.0,
2016-06-21,Guatemala-Sur,municipality,GT0001,3.0,
2016-06-21,Guatemala-Izabal,municipality,GT0001,0.0,
2016-06-21,Guatemala,country,GT0001,74.0,
2016-06-21,Guatemala-Escuintla,municipality,GT0001,1.0,
2016-06-21,Guatemala-Zacapa,municipality,GT0001,16.0,
2016-06-21,Guatemala-Santa_Rosa,municipality,GT0001,10.0,
2016-06-21,Guatemala-Chiquimula,municipality,GT0001,13.0,
2016-06-21,Guatemala-El_Progreso,municipality,GT0001,2.0,
2016-06-21,Guatemala-Quetzaltenango,municipality,GT0001,0.0,
2016-06-21,Guatemala-Jalapa,municipality,GT0001,7.0,
2016-06-21,Guatemala-Peten_Sur_Oriental,municipality,GT0001,4.0,
2016-06-21,Guatemala-Retalhuleu,municipality,GT0001,0.0,
2016-06-21,Guatemala-Jutiapa,municipality,GT0001,0.0,
2016-06-21,Guatemala-Suchitepequez,municipality,GT0001,1.0,
2016-06-28,Guatemala-Nor_Occidente,municipality,GT0001,5.0,
2016-06-28,Guatemala-El_Quiche,municipality,GT0001,1.0,
2016-06-28,Guatemala-Sacatepequez,municipality,GT0001,1.0,
2016-06-28,Guatemala-Baja_Verapaz,municipality,GT0001,0.0,
2016-06-28,Guatemala-Sur,municipality,GT0001,2.0,
2016-06-28,Guatemala-Izabal,municipality,GT0001,0.0,
2016-06-28,Guatemala-Ixcan,municipality,GT0001,0.0,
2016-06-28,Guatemala-Nor_Oriente,municipality,GT0001,1.0,
2016-06-28,Guatemala-San_Marcos,municipality,GT0001,0.0,
2016-06-28,Guatemala-Peten_Norte,municipality,GT0001,0.0,
2016-06-28,Guatemala-Chimaltenango,municipality,GT0001,0.0,
2016-06-28,Guatemala-Peten_Sur_Occidental,municipality,GT0001,0.0,
2016-06-28,Guatemala-Solola,municipality,GT0001,0.0,
2016-06-28,Guatemala-Jalapa,municipality,GT0001,5.0,
2016-06-28,Guatemala-Jutiapa,municipality,GT0001,0.0,
2016-06-28,Guatemala-Retalhuleu,municipality,GT0001,0.0,
2016-06-28,Guatemala-Peten_Sur_Oriental,municipality,GT0001,3.0,
2016-06-28,Guatemala-Suchitepequez,municipality,GT0001,0.0,
2016-06-28,Guatemala-Alta_Verapaz,municipality,GT0001,0.0,
2016-06-28,Guatemala-El_Progreso,municipality,GT0001,2.0,
2016-06-28,Guatemala-Quetzaltenango,municipality,GT0001,1.0,
2016-06-28,Guatemala-Chiquimula,municipality,GT0001,22.0,
2016-06-28,Guatemala-Santa_Rosa,municipality,GT0001,21.0,
2016-06-28,Guatemala-Zacapa,municipality,GT0001,17.0,
2016-06-28,Guatemala,country,GT0001,87.0,
2016-06-28,Guatemala-Escuintla,municipality,GT0001,0.0,
2016-06-28,Guatemala-Huehuetenango,municipality,GT0001,1.0,
2016-06-28,Guatemala-Central,municipality,GT0001,5.0,
2016-07-05,Guatemala-Izabal,municipality,GT0001,0.0,
2016-07-05,Guatemala-Chiquimula,municipality,GT0001,7.0,
2016-07-05,Guatemala-Quetzaltenango,municipality,GT0001,6.0,
2016-07-05,Guatemala-El_Progreso,municipality,GT0001,0.0,
2016-07-05,Guatemala-Sur,municipality,GT0001,8.0,
2016-07-05,Guatemala-Peten_Sur_Occidental,municipality,GT0001,0.0,
2016-07-05,Guatemala-Baja_Verapaz,municipality,GT0001,2.0,
2016-07-05,Guatemala-Sacatepequez,municipality,GT0001,0.0,
2016-07-05,Guatemala-El_Quiche,municipality,GT0001,0.0,
2016-07-05,Guatemala-Chimaltenango,municipality,GT0001,1.0,
2016-07-05,Guatemala-Solola,municipality,GT0001,1.0,
2016-07-05,Guatemala-Huehuetenango,municipality,GT0001,0.0,
2016-07-05,Guatemala-Alta_Verapaz,municipality,GT0001,0.0,
2016-07-05,Guatemala-Santa_Rosa,municipality,GT0001,3.0,
2016-07-05,Guatemala-Zacapa,municipality,GT0001,13.0,
2016-07-05,Guatemala-Jalapa,municipality,GT0001,7.0,
2016-07-05,Guatemala-Nor_Occidente,municipality,GT0001,15.0,
2016-07-05,Guatemala-San_Marcos,municipality,GT0001,0.0,
2016-07-05,Guatemala-Nor_Oriente,municipality,GT0001,0.0,
2016-07-05,Guatemala-Peten_Norte,municipality,GT0001,0.0,
2016-07-05,Guatemala-Ixcan,municipality,GT0001,0.0,
2016-07-05,Guatemala-Central,municipality,GT0001,13.0,
2016-07-05,Guatemala-Escuintla,municipality,GT0001,2.0,
2016-07-05,Guatemala,country,GT0001,87.0,
2016-07-05,Guatemala-Jutiapa,municipality,GT0001,0.0,
2016-07-05,Guatemala-Retalhuleu,municipality,GT0001,1.0,
2016-07-05,Guatemala-Suchitepequez,municipality,GT0001,0.0,
2016-07-05,Guatemala-Peten_Sur_Oriental,municipality,GT0001,8.0,
2016-07-19,Guatemala-Zacapa,municipality,GT0001,0.0,
2016-07-19,Guatemala-Santa_Rosa,municipality,GT0001,1.0,
2016-07-19,Guatemala-Peten_Sur_Occidental,municipality,GT0001,1.0,
2016-07-19,Guatemala,country,GT0001,80.0,
2016-07-19,Guatemala-Baja_Verapaz,municipality,GT0001,0.0,
2016-07-19,Guatemala-Solola,municipality,GT0001,0.0,
2016-07-19,Guatemala-Nor_Occidente,municipality,GT0001,11.0,
2016-07-19,Guatemala-Quetzaltenango,municipality,GT0001,3.0,
2016-07-19,Guatemala-Chiquimula,municipality,GT0001,28.0,
2016-07-19,Guatemala-Sacatepequez,municipality,GT0001,0.0,
2016-07-19,Guatemala-El_Quiche,municipality,GT0001,0.0,
2016-07-19,Guatemala-Chimaltenango,municipality,GT0001,1.0,
2016-07-19,Guatemala-Peten_Sur_Oriental,municipality,GT0001,2.0,
2016-07-19,Guatemala-Huehuetenango,municipality,GT0001,0.0,
2016-07-19,Guatemala-Alta_Verapaz,municipality,GT0001,0.0,
2016-07-19,Guatemala-Suchitepequez,municipality,GT0001,0.0,
2016-07-19,Guatemala-Retalhuleu,municipality,GT0001,0.0,
2016-07-19,Guatemala-Jutiapa,municipality,GT0001,0.0,
2016-07-19,Guatemala-Central,municipality,GT0001,15.0,
2016-07-19,Guatemala-Izabal,municipality,GT0001,1.0,
2016-07-19,Guatemala-Escuintla,municipality,GT0001,0.0,
2016-07-19,Guatemala-Ixcan,municipality,GT0001,0.0,
2016-07-19,Guatemala-Peten_Norte,municipality,GT0001,0.0,
2016-07-19,Guatemala-Nor_Oriente,municipality,GT0001,0.0,
2016-07-19,Guatemala-San_Marcos,municipality,GT0001,0.0,
2016-07-19,Guatemala-Sur,municipality,GT0001,6.0,
2016-07-19,Guatemala-El_Progreso,municipality,GT0001,1.0,
2016-07-19,Guatemala-Jalapa,municipality,GT0001,10.0,
2016-07-26,Guatemala-Chiquimula,municipality,GT0001,8.0,
2016-07-26,Guatemala-El_Quiche,municipality,GT0001,9.0,
2016-07-26,Guatemala-Baja_Verapaz,municipality,GT0001,0.0,
2016-07-26,Guatemala-Chimaltenango,municipality,GT0001,2.0,
2016-07-26,Guatemala-Huehuetenango,municipality,GT0001,6.0,
2016-07-26,Guatemala-Sacatepequez,municipality,GT0001,0.0,
2016-07-26,Guatemala-Solola,municipality,GT0001,1.0,
2016-07-26,Guatemala-Alta_Verapaz,municipality,GT0001,1.0,
2016-07-26,Guatemala-El_Progreso,municipality,GT0001,8.0,
2016-07-26,Guatemala,country,GT0001,55.0,
2016-07-26,Guatemala-Quetzaltenango,municipality,GT0001,4.0,
2016-07-26,Guatemala-Jalapa,municipality,GT0001,7.0,
2016-07-26,Guatemala-Santa_Rosa,municipality,GT0001,0.0,
2016-07-26,Guatemala-Suchitepequez,municipality,GT0001,0.0,
2016-07-26,Guatemala-Retalhuleu,municipality,GT0001,1.0,
2016-07-26,Guatemala-Central,municipality,GT0001,3.0,
2016-07-26,Guatemala-Jutiapa,municipality,GT0001,0.0,
2016-07-26,Guatemala-Izabal,municipality,GT0001,0.0,
2016-07-26,Guatemala-Peten_Sur_Oriental,municipality,GT0001,2.0,
2016-07-26,Guatemala-Ixcan,municipality,GT0001,0.0,
2016-07-26,Guatemala-Nor_Occidente,municipality,GT0001,0.0,
2016-07-26,Guatemala-Peten_Norte,municipality,GT0001,0.0,
2016-07-26,Guatemala-Nor_Oriente,municipality,GT0001,1.0,
2016-07-26,Guatemala-San_Marcos,municipality,GT0001,0.0,
2016-07-26,Guatemala-Sur,municipality,GT0001,2.0,
2016-07-26,Guatemala-Peten_Sur_Occidental,municipality,GT0001,0.0,
2016-07-26,Guatemala-Zacapa,municipality,GT0001,0.0,
2016-07-26,Guatemala-Escuintla,municipality,GT0001,0.0,
2016-08-09,Guatemala-San_Marcos,municipality,GT0001,0.0,
2016-08-09,Guatemala-Nor_Oriente,municipality,GT0001,0.0,
2016-08-09,Guatemala-Sur,municipality,GT0001,2.0,
2016-08-09,Guatemala-Peten_Norte,municipality,GT0001,0.0,
2016-08-09,Guatemala-Ixcan,municipality,GT0001,0.0,
2016-08-09,Guatemala-Retalhuleu,municipality,GT0001,0.0,
2016-08-09,Guatemala-Izabal,municipality,GT0001,1.0,
2016-08-09,Guatemala-Nor_Occidente,municipality,GT0001,4.0,
2016-08-09,Guatemala-Jutiapa,municipality,GT0001,0.0,
2016-08-09,Guatemala-Central,municipality,GT0001,2.0,
2016-08-09,Guatemala-Peten_Sur_Occidental,municipality,GT0001,1.0,
2016-08-09,Guatemala-Escuintla,municipality,GT0001,1.0,
2016-08-09,Guatemala-El_Quiche,municipality,GT0001,1.0,
2016-08-09,Guatemala-El_Progreso,municipality,GT0001,1.0,
2016-08-09,Guatemala-Solola,municipality,GT0001,2.0,
2016-08-09,Guatemala-Chimaltenango,municipality,GT0001,0.0,
2016-08-09,Guatemala-Huehuetenango,municipality,GT0001,0.0,
2016-08-09,Guatemala-Sacatepequez,municipality,GT0001,0.0,
2016-08-09,Guatemala-Alta_Verapaz,municipality,GT0001,0.0,
2016-08-09,Guatemala-Quetzaltenango,municipality,GT0001,7.0,
2016-08-09,Guatemala-Jalapa,municipality,GT0001,6.0,
2016-08-09,Guatemala-Suchitepequez,municipality,GT0001,0.0,
2016-08-09,Guatemala-Chiquimula,municipality,GT0001,18.0,
2016-08-09,Guatemala-Santa_Rosa,municipality,GT0001,0.0,
2016-08-09,Guatemala-Zacapa,municipality,GT0001,0.0,
2016-08-09,Guatemala,country,GT0001,46.0,
2016-08-09,Guatemala-Baja_Verapaz,municipality,GT0001,0.0,
2016-08-09,Guatemala-Peten_Sur_Oriental,municipality,GT0001,0.0,
2016-08-16,Guatemala-El_Quiche,municipality,GT0001,1.0,
2016-08-16,Guatemala-Zacapa,municipality,GT0001,0.0,
2016-08-16,Guatemala-Alta_Verapaz,municipality,GT0001,3.0,
2016-08-16,Guatemala-Sacatepequez,municipality,GT0001,0.0,
2016-08-16,Guatemala-Huehuetenango,municipality,GT0001,0.0,
2016-08-16,Guatemala-Chimaltenango,municipality,GT0001,0.0,
2016-08-16,Guatemala-Solola,municipality,GT0001,0.0,
2016-08-16,Guatemala-Baja_Verapaz,municipality,GT0001,0.0,
2016-08-16,Guatemala,country,GT0001,26.0,
2016-08-16,Guatemala-San_Marcos,municipality,GT0001,0.0,
2016-08-16,Guatemala-Sur,municipality,GT0001,1.0,
2016-08-16,Guatemala-Nor_Oriente,municipality,GT0001,0.0,
2016-08-16,Guatemala-Peten_Norte,municipality,GT0001,0.0,
2016-08-16,Guatemala-Ixcan,municipality,GT0001,0.0,
2016-08-16,Guatemala-Peten_Sur_Occidental,municipality,GT0001,0.0,
2016-08-16,Guatemala-Izabal,municipality,GT0001,3.0,
2016-08-16,Guatemala-Escuintla,municipality,GT0001,6.0,
2016-08-16,Guatemala-Santa_Rosa,municipality,GT0001,0.0,
2016-08-16,Guatemala-Chiquimula,municipality,GT0001,0.0,
2016-08-16,Guatemala-El_Progreso,municipality,GT0001,0.0,
2016-08-16,Guatemala-Quetzaltenango,municipality,GT0001,0.0,
2016-08-16,Guatemala-Jalapa,municipality,GT0001,2.0,
2016-08-16,Guatemala-Suchitepequez,municipality,GT0001,0.0,
2016-08-16,Guatemala-Central,municipality,GT0001,7.0,
2016-08-16,Guatemala-Retalhuleu,municipality,GT0001,0.0,
2016-08-16,Guatemala-Jutiapa,municipality,GT0001,0.0,
2016-08-16,Guatemala-Nor_Occidente,municipality,GT0001,3.0,
2016-08-16,Guatemala-Peten_Sur_Oriental,municipality,GT0001,0.0,
2016-08-23,Guatemala-San_Marcos,municipality,GT0001,0.0,
2016-08-23,Guatemala-Peten_Norte,municipality,GT0001,0.0,
2016-08-23,Guatemala-Nor_Oriente,municipality,GT0001,3.0,
2016-08-23,Guatemala-Sur,municipality,GT0001,0.0,
2016-08-23,Guatemala-Peten_Sur_Occidental,municipality,GT0001,1.0,
2016-08-23,Guatemala-Alta_Verapaz,municipality,GT0001,13.0,
2016-08-23,Guatemala-Baja_Verapaz,municipality,GT0001,0.0,
2016-08-23,Guatemala-Solola,municipality,GT0001,0.0,
2016-08-23,Guatemala-Chimaltenango,municipality,GT0001,1.0,
2016-08-23,Guatemala-Sacatepequez,municipality,GT0001,2.0,
2016-08-23,Guatemala-El_Quiche,municipality,GT0001,2.0,
2016-08-23,Guatemala-Escuintla,municipality,GT0001,1.0,
2016-08-23,Guatemala-Ixcan,municipality,GT0001,6.0,
2016-08-23,Guatemala-Nor_Occidente,municipality,GT0001,22.0,
2016-08-23,Guatemala-Izabal,municipality,GT0001,0.0,
2016-08-23,Guatemala,country,GT0001,71.0,
2016-08-23,Guatemala-Zacapa,municipality,GT0001,0.0,
2016-08-23,Guatemala-Santa_Rosa,municipality,GT0001,0.0,
2016-08-23,Guatemala-Chiquimula,municipality,GT0001,0.0,
2016-08-23,Guatemala-El_Progreso,municipality,GT0001,0.0,
2016-08-23,Guatemala-Huehuetenango,municipality,GT0001,10.0,
2016-08-23,Guatemala-Quetzaltenango,municipality,GT0001,8.0,
2016-08-23,Guatemala-Peten_Sur_Oriental,municipality,GT0001,0.0,
2016-08-23,Guatemala-Suchitepequez,municipality,GT0001,0.0,
2016-08-23,Guatemala-Central,municipality,GT0001,0.0,
2016-08-23,Guatemala-Retalhuleu,municipality,GT0001,0.0,
2016-08-23,Guatemala-Jalapa,municipality,GT0001,0.0,
2016-08-23,Guatemala-Jutiapa,municipality,GT0001,2.0,
2016-08-30,Guatemala-Peten_Norte,municipality,GT0001,0.0,
2016-08-30,Guatemala-Peten_Sur_Occidental,municipality,GT0001,0.0,
2016-08-30,Guatemala-Nor_Oriente,municipality,GT0001,0.0,
2016-08-30,Guatemala-San_Marcos,municipality,GT0001,0.0,
2016-08-30,Guatemala-Sacatepequez,municipality,GT0001,1.0,
2016-08-30,Guatemala-Baja_Verapaz,municipality,GT0001,0.0,
2016-08-30,Guatemala-Sur,municipality,GT0001,1.0,
2016-08-30,Guatemala-Chimaltenango,municipality,GT0001,1.0,
2016-08-30,Guatemala-Solola,municipality,GT0001,0.0,
2016-08-30,Guatemala-Huehuetenango,municipality,GT0001,0.0,
2016-08-30,Guatemala-Alta_Verapaz,municipality,GT0001,1.0,
2016-08-30,Guatemala-El_Quiche,municipality,GT0001,4.0,
2016-08-30,Guatemala-Ixcan,municipality,GT0001,0.0,
2016-08-30,Guatemala-Nor_Occidente,municipality,GT0001,6.0,
2016-08-30,Guatemala-Retalhuleu,municipality,GT0001,0.0,
2016-08-30,Guatemala-Izabal,municipality,GT0001,5.0,
2016-08-30,Guatemala-Jutiapa,municipality,GT0001,1.0,
2016-08-30,Guatemala-Central,municipality,GT0001,14.0,
2016-08-30,Guatemala-Quetzaltenango,municipality,GT0001,1.0,
2016-08-30,Guatemala-Peten_Sur_Oriental,municipality,GT0001,1.0,
2016-08-30,Guatemala-El_Progreso,municipality,GT0001,0.0,
2016-08-30,Guatemala-Jalapa,municipality,GT0001,6.0,
2016-08-30,Guatemala-Chiquimula,municipality,GT0001,12.0,
2016-08-30,Guatemala-Zacapa,municipality,GT0001,2.0,
2016-08-30,Guatemala-Santa_Rosa,municipality,GT0001,5.0,
2016-08-30,Guatemala,country,GT0001,62.0,
2016-08-30,Guatemala-Escuintla,municipality,GT0001,1.0,
2016-08-30,Guatemala-Suchitepequez,municipality,GT0001,0.0,
2016-09-06,Guatemala-Sur,municipality,GT0001,1.0,
2016-09-06,Guatemala-Retalhuleu,municipality,GT0001,0.0,
2016-09-06,Guatemala,country,GT0001,62.0,
2016-09-06,Guatemala-Santa_Rosa,municipality,GT0001,5.0,
2016-09-06,Guatemala-Chiquimula,municipality,GT0001,12.0,
2016-09-06,Guatemala-Jalapa,municipality,GT0001,6.0,
2016-09-06,Guatemala-El_Progreso,municipality,GT0001,0.0,
2016-09-06,Guatemala-Peten_Sur_Oriental,municipality,GT0001,1.0,
2016-09-06,Guatemala-Quetzaltenango,municipality,GT0001,1.0,
2016-09-06,Guatemala-Suchitepequez,municipality,GT0001,0.0,
2016-09-06,Guatemala-Central,municipality,GT0001,14.0,
2016-09-06,Guatemala-Jutiapa,municipality,GT0001,1.0,
2016-09-06,Guatemala-Izabal,municipality,GT0001,5.0,
2016-09-06,Guatemala-Nor_Occidente,municipality,GT0001,6.0,
2016-09-06,Guatemala-Peten_Norte,municipality,GT0001,0.0,
2016-09-06,Guatemala-Zacapa,municipality,GT0001,2.0,
2016-09-06,Guatemala-Alta_Verapaz,municipality,GT0001,1.0,
2016-09-06,Guatemala-Nor_Oriente,municipality,GT0001,0.0,
2016-09-06,Guatemala-San_Marcos,municipality,GT0001,0.0,
2016-09-06,Guatemala-El_Quiche,municipality,GT0001,4.0,
2016-09-06,Guatemala-Baja_Verapaz,municipality,GT0001,0.0,
2016-09-06,Guatemala-Sacatepequez,municipality,GT0001,1.0,
2016-09-06,Guatemala-Chimaltenango,municipality,GT0001,1.0,
2016-09-06,Guatemala-Solola,municipality,GT0001,0.0,
2016-09-06,Guatemala-Huehuetenango,municipality,GT0001,0.0,
2016-09-06,Guatemala-Ixcan,municipality,GT0001,0.0,
2016-09-06,Guatemala-Peten_Sur_Occidental,municipality,GT0001,0.0,
2016-09-06,Guatemala-Escuintla,municipality,GT0001,1.0,
2016-09-13,Guatemala-Ixcan,municipality,GT0001,0.0,
2016-09-13,Guatemala-Sur,municipality,GT0001,1.0,
2016-09-13,Guatemala-Escuintla,municipality,GT0001,4.0,
2016-09-13,Guatemala-Retalhuleu,municipality,GT0001,1.0,
2016-09-13,Guatemala-Santa_Rosa,municipality,GT0001,3.0,
2016-09-13,Guatemala-Nor_Oriente,municipality,GT0001,2.0,
2016-09-13,Guatemala-El_Quiche,municipality,GT0001,4.0,
2016-09-13,Guatemala-San_Marcos,municipality,GT0001,0.0,
2016-09-13,Guatemala-Sacatepequez,municipality,GT0001,2.0,
2016-09-13,Guatemala-Baja_Verapaz,municipality,GT0001,0.0,
2016-09-13,Guatemala-Chimaltenango,municipality,GT0001,0.0,
2016-09-13,Guatemala-Solola,municipality,GT0001,0.0,
2016-09-13,Guatemala-Huehuetenango,municipality,GT0001,0.0,
2016-09-13,Guatemala-Peten_Norte,municipality,GT0001,4.0,
2016-09-13,Guatemala-Zacapa,municipality,GT0001,3.0,
2016-09-13,Guatemala-Peten_Sur_Occidental,municipality,GT0001,1.0,
2016-09-13,Guatemala-Alta_Verapaz,municipality,GT0001,4.0,
2016-09-13,Guatemala-Chiquimula,municipality,GT0001,11.0,
2016-09-13,Guatemala-Jalapa,municipality,GT0001,2.0,
2016-09-13,Guatemala,country,GT0001,74.0,
2016-09-13,Guatemala-Peten_Sur_Oriental,municipality,GT0001,0.0,
2016-09-13,Guatemala-Quetzaltenango,municipality,GT0001,0.0,
2016-09-13,Guatemala-Central,municipality,GT0001,31.0,
2016-09-13,Guatemala-El_Progreso,municipality,GT0001,0.0,
2016-09-13,Guatemala-Jutiapa,municipality,GT0001,0.0,
2016-09-13,Guatemala-Izabal,municipality,GT0001,0.0,
2016-09-13,Guatemala-Nor_Occidente,municipality,GT0001,1.0,
2016-09-13,Guatemala-Suchitepequez,municipality,GT0001,0.0,
2016-09-27,Guatemala-Izabal,municipality,GT0001,1.0,
2016-09-27,Guatemala-Jutiapa,municipality,GT0001,0.0,
2016-09-27,Guatemala-Suchitepequez,municipality,GT0001,0.0,
2016-09-27,Guatemala-Central,municipality,GT0001,12.0,
2016-09-27,Guatemala-Quetzaltenango,municipality,GT0001,1.0,
2016-09-27,Guatemala-Peten_Sur_Oriental,municipality,GT0001,1.0,
2016-09-27,Guatemala-Jalapa,municipality,GT0001,0.0,
2016-09-27,Guatemala-Santa_Rosa,municipality,GT0001,1.0,
2016-09-27,Guatemala-Zacapa,municipality,GT0001,0.0,
2016-09-27,Guatemala-Retalhuleu,municipality,GT0001,0.0,
2016-09-27,Guatemala-Chiquimula,municipality,GT0001,2.0,
2016-09-27,Guatemala-El_Progreso,municipality,GT0001,0.0,
2016-09-27,Guatemala-Nor_Occidente,municipality,GT0001,0.0,
2016-09-27,Guatemala-Solola,municipality,GT0001,0.0,
2016-09-27,Guatemala-Ixcan,municipality,GT0001,0.0,
2016-09-27,Guatemala-Sur,municipality,GT0001,0.0,
2016-09-27,Guatemala-Peten_Sur_Occidental,municipality,GT0001,0.0,
2016-09-27,Guatemala-Peten_Norte,municipality,GT0001,0.0,
2016-09-27,Guatemala,country,GT0001,26.0,
2016-09-27,Guatemala-Nor_Oriente,municipality,GT0001,0.0,
2016-09-27,Guatemala-San_Marcos,municipality,GT0001,0.0,
2016-09-27,Guatemala-Sacatepequez,municipality,GT0001,0.0,
2016-09-27,Guatemala-Baja_Verapaz,municipality,GT0001,0.0,
2016-09-27,Guatemala-Chimaltenango,municipality,GT0001,0.0,
2016-09-27,Guatemala-Huehuetenango,municipality,GT0001,0.0,
2016-09-27,Guatemala-Alta_Verapaz,municipality,GT0001,1.0,
2016-09-27,Guatemala-Escuintla,municipality,GT0001,2.0,
2016-09-27,Guatemala-El_Quiche,municipality,GT0001,5.0,
2016-10-04,Guatemala-Alta_Verapaz,municipality,GT0001,2.0,
2016-10-04,Guatemala-Chimaltenango,municipality,GT0001,1.0,
2016-10-04,Guatemala-Escuintla,municipality,GT0001,0.0,
2016-10-04,Guatemala-Zacapa,municipality,GT0001,1.0,
2016-10-04,Guatemala-Chiquimula,municipality,GT0001,4.0,
2016-10-04,Guatemala-Jalapa,municipality,GT0001,3.0,
2016-10-04,Guatemala-El_Progreso,municipality,GT0001,1.0,
2016-10-04,Guatemala-Peten_Sur_Oriental,municipality,GT0001,0.0,
2016-10-04,Guatemala-Quetzaltenango,municipality,GT0001,2.0,
2016-10-04,Guatemala-Central,municipality,GT0001,8.0,
2016-10-04,Guatemala-Jutiapa,municipality,GT0001,0.0,
2016-10-04,Guatemala-Izabal,municipality,GT0001,2.0,
2016-10-04,Guatemala-Retalhuleu,municipality,GT0001,0.0,
2016-10-04,Guatemala-Santa_Rosa,municipality,GT0001,2.0,
2016-10-04,Guatemala-Nor_Occidente,municipality,GT0001,0.0,
2016-10-04,Guatemala-Sur,municipality,GT0001,4.0,
2016-10-04,Guatemala-Peten_Norte,municipality,GT0001,3.0,
2016-10-04,Guatemala-El_Quiche,municipality,GT0001,9.0,
2016-10-04,Guatemala-Peten_Sur_Occidental,municipality,GT0001,0.0,
2016-10-04,Guatemala-Nor_Oriente,municipality,GT0001,0.0,
2016-10-04,Guatemala-San_Marcos,municipality,GT0001,0.0,
2016-10-04,Guatemala-Sacatepequez,municipality,GT0001,0.0,
2016-10-04,Guatemala-Baja_Verapaz,municipality,GT0001,0.0,
2016-10-04,Guatemala-Huehuetenango,municipality,GT0001,0.0,
2016-10-04,Guatemala-Solola,municipality,GT0001,0.0,
2016-10-04,Guatemala-Ixcan,municipality,GT0001,0.0,
2016-10-04,Guatemala,country,GT0001,42.0,
2016-10-04,Guatemala-Suchitepequez,municipality,GT0001,0.0,
2016-10-18,Guatemala-Chiquimula,municipality,GT0001,3.0,
2016-10-18,Guatemala-Jalapa,municipality,GT0001,1.0,
2016-10-18,Guatemala-Jutiapa,municipality,GT0001,1.0,
2016-10-18,Guatemala-Izabal,municipality,GT0001,0.0,
2016-10-18,Guatemala-Nor_Occidente,municipality,GT0001,3.0,
2016-10-18,Guatemala-Retalhuleu,municipality,GT0001,0.0,
2016-10-18,Guatemala-Escuintla,municipality,GT0001,3.0,
2016-10-18,Guatemala-Ixil,municipality,GT0001,2.0,
2016-10-18,Guatemala-Peten_Norte,municipality,GT0001,1.0,
2016-10-18,Guatemala-Sur,municipality,GT0001,0.0,
2016-10-18,Guatemala-Suchitepequez,municipality,GT0001,0.0,
2016-10-18,Guatemala-El_Quiche,municipality,GT0001,1.0,
2016-10-18,Guatemala-Peten_Sur_Occidental,municipality,GT0001,0.0,
2016-10-18,Guatemala-Nor_Oriente,municipality,GT0001,0.0,
2016-10-18,Guatemala-San_Marcos,municipality,GT0001,0.0,
2016-10-18,Guatemala-Alta_Verapaz,municipality,GT0001,12.0,
2016-10-18,Guatemala-Sacatepequez,municipality,GT0001,1.0,
2016-10-18,Guatemala-Santa_Rosa,municipality,GT0001,1.0,
2016-10-18,Guatemala,country,GT0001,36.0,
2016-10-18,Guatemala-Baja_Verapaz,municipality,GT0001,0.0,
2016-10-18,Guatemala-Zacapa,municipality,GT0001,2.0,
2016-10-18,Guatemala-Ixcan,municipality,GT0001,0.0,
2016-10-18,Guatemala-Central,municipality,GT0001,2.0,
2016-10-18,Guatemala-Chimaltenango,municipality,GT0001,0.0,
2016-10-18,Guatemala-Solola,municipality,GT0001,0.0,
2016-10-18,Guatemala-Peten_Sur_Oriental,municipality,GT0001,1.0,
2016-10-18,Guatemala-El_Progreso,municipality,GT0001,0.0,
2016-10-18,Guatemala-Quetzaltenango,municipality,GT0001,2.0,
2016-10-18,Guatemala-Huehuetenango,municipality,GT0001,0.0,
2016-10-25,Guatemala-Suchitepequez,municipality,GT0001,0.0,
2016-10-25,Guatemala-Central,municipality,GT0001,0.0,
2016-10-25,Guatemala-Quetzaltenango,municipality,GT0001,1.0,
2016-10-25,Guatemala-El_Progreso,municipality,GT0001,0.0,
2016-10-25,Guatemala-Peten_Sur_Oriental,municipality,GT0001,1.0,
2016-10-25,Guatemala-Zacapa,municipality,GT0001,0.0,
2016-10-25,Guatemala-Jalapa,municipality,GT0001,0.0,
2016-10-25,Guatemala-Santa_Rosa,municipality,GT0001,0.0,
2016-10-25,Guatemala,country,GT0001,26.0,
2016-10-25,Guatemala-Ixcan,municipality,GT0001,0.0,
2016-10-25,Guatemala-Chiquimula,municipality,GT0001,8.0,
2016-10-25,Guatemala-Jutiapa,municipality,GT0001,1.0,
2016-10-25,Guatemala-Peten_Sur_Occidental,municipality,GT0001,0.0,
2016-10-25,Guatemala-Retalhuleu,municipality,GT0001,1.0,
2016-10-25,Guatemala-Nor_Oriente,municipality,GT0001,0.0,
2016-10-25,Guatemala-Nor_Occidente,municipality,GT0001,4.0,
2016-10-25,Guatemala-Alta_Verapaz,municipality,GT0001,2.0,
2016-10-25,Guatemala-Sacatepequez,municipality,GT0001,0.0,
2016-10-25,Guatemala-Baja_Verapaz,municipality,GT0001,0.0,
2016-10-25,Guatemala-Chimaltenango,municipality,GT0001,0.0,
2016-10-25,Guatemala-Solola,municipality,GT0001,0.0,
2016-10-25,Guatemala-San_Marcos,municipality,GT0001,0.0,
2016-10-25,Guatemala-Huehuetenango,municipality,GT0001,0.0,
2016-10-25,Guatemala-Sur,municipality,GT0001,0.0,
2016-10-25,Guatemala-Peten_Norte,municipality,GT0001,0.0,
2016-10-25,Guatemala-El_Quiche,municipality,GT0001,4.0,
2016-10-25,Guatemala-Izabal,municipality,GT0001,4.0,
2016-10-25,Guatemala-Escuintla,municipality,GT0001,0.0,
2016-10-25,Guatemala-Ixil,municipality,GT0001,0.0,
2016-11-01,Guatemala-Peten_Norte,municipality,GT0001,0.0,
2016-11-01,Guatemala-Ixcan,municipality,GT0001,0.0,
2016-11-01,Guatemala-Sur,municipality,GT0001,1.0,
2016-11-01,Guatemala-San_Marcos,municipality,GT0001,0.0,
2016-11-01,Guatemala-Sacatepequez,municipality,GT0001,1.0,
2016-11-01,Guatemala-Baja_Verapaz,municipality,GT0001,0.0,
2016-11-01,Guatemala-Ixil,municipality,GT0001,0.0,
2016-11-01,Guatemala-Huehuetenango,municipality,GT0001,0.0,
2016-11-01,Guatemala-Solola,municipality,GT0001,0.0,
2016-11-01,Guatemala-El_Quiche,municipality,GT0001,2.0,
2016-11-01,Guatemala-Alta_Verapaz,municipality,GT0001,0.0,
2016-11-01,Guatemala-Peten_Sur_Occidental,municipality,GT0001,0.0,
2016-11-01,Guatemala-Nor_Oriente,municipality,GT0001,0.0,
2016-11-01,Guatemala-Escuintla,municipality,GT0001,3.0,
2016-11-01,Guatemala-Suchitepequez,municipality,GT0001,0.0,
2016-11-01,Guatemala,country,GT0001,18.0,
2016-11-01,Guatemala-Santa_Rosa,municipality,GT0001,2.0,
2016-11-01,Guatemala-Zacapa,municipality,GT0001,0.0,
2016-11-01,Guatemala-Chiquimula,municipality,GT0001,1.0,
2016-11-01,Guatemala-Peten_Sur_Oriental,municipality,GT0001,1.0,
2016-11-01,Guatemala-Izabal,municipality,GT0001,0.0,
2016-11-01,Guatemala-Quetzaltenango,municipality,GT0001,1.0,
2016-11-01,Guatemala-Central,municipality,GT0001,3.0,
2016-11-01,Guatemala-Jutiapa,municipality,GT0001,1.0,
2016-11-01,Guatemala-Nor_Occidente,municipality,GT0001,2.0,
2016-11-01,Guatemala-Retalhuleu,municipality,GT0001,0.0,
2016-11-01,Guatemala-El_Progreso,municipality,GT0001,0.0,
2016-11-01,Guatemala-Jalapa,municipality,GT0001,0.0,
2016-11-08,Guatemala-Peten_Sur_Occidental,municipality,GT0001,0.0,
2016-11-08,Guatemala-Peten_Norte,municipality,GT0001,0.0,
2016-11-08,Guatemala-Ixcan,municipality,GT0001,0.0,
2016-11-08,Guatemala-Sur,municipality,GT0001,1.0,
2016-11-08,Guatemala-San_Marcos,municipality,GT0001,0.0,
2016-11-08,Guatemala-El_Quiche,municipality,GT0001,1.0,
2016-11-08,Guatemala-Alta_Verapaz,municipality,GT0001,0.0,
2016-11-08,Guatemala-Sacatepequez,municipality,GT0001,0.0,
2016-11-08,Guatemala-Baja_Verapaz,municipality,GT0001,0.0,
2016-11-08,Guatemala-Ixil,municipality,GT0001,0.0,
2016-11-08,Guatemala-Nor_Oriente,municipality,GT0001,0.0,
2016-11-08,Guatemala-Suchitepequez,municipality,GT0001,0.0,
2016-11-08,Guatemala-Izabal,municipality,GT0001,0.0,
2016-11-08,Guatemala-Jalapa,municipality,GT0001,0.0,
2016-11-08,Guatemala-Retalhuleu,municipality,GT0001,0.0,
2016-11-08,Guatemala-Nor_Occidente,municipality,GT0001,2.0,
2016-11-08,Guatemala-Jutiapa,municipality,GT0001,0.0,
2016-11-08,Guatemala-Quetzaltenango,municipality,GT0001,1.0,
2016-11-08,Guatemala-El_Progreso,municipality,GT0001,0.0,
2016-11-08,Guatemala-Peten_Sur_Oriental,municipality,GT0001,0.0,
2016-11-08,Guatemala-Chiquimula,municipality,GT0001,0.0,
2016-11-08,Guatemala-Zacapa,municipality,GT0001,0.0,
2016-11-08,Guatemala-Santa_Rosa,municipality,GT0001,0.0,
2016-11-08,Guatemala,country,GT0001,5.0,
2016-11-08,Guatemala-Escuintla,municipality,GT0001,0.0,
2016-11-08,Guatemala-Central,municipality,GT0001,0.0,
2016-11-08,Guatemala-Solola,municipality,GT0001,0.0,
2016-11-08,Guatemala-Huehuetenango,municipality,GT0001,0.0,
2017-01-07,Guatemala,country,GT0001,6.0,
2017-01-07,Guatemala-Peten_Sur_Oriental,municipality,GT0001,,
2017-01-07,Guatemala-Alta_Verapaz,municipality,GT0001,,
2017-01-07,Guatemala-Zacapa,municipality,GT0001,,
2017-01-07,Guatemala-Izabal,municipality,GT0001,,
2017-01-07,Guatemala-Chiquimula,municipality,GT0001,,
2017-01-07,Guatemala-Escuintla,municipality,GT0001,,
2017-01-07,Guatemala-El_Progreso,municipality,GT0001,,
2017-01-07,Guatemala-Nor_Occidente,municipality,GT0001,,
2017-01-07,Guatemala-Quetzaltenango,municipality,GT0001,1.0,
2017-01-07,Guatemala-Central,municipality,GT0001,5.0,
2017-01-07,Guatemala-Suchitepequez,municipality,GT0001,,
2017-01-15,Guatemala-Santa_Rosa,municipality,GT0001,0.0,
2017-01-15,Guatemala,country,GT0001,17.0,
2017-01-15,Guatemala-Peten_Sur_Oriental,municipality,GT0001,0.0,
2017-01-15,Guatemala-Alta_Verapaz,municipality,GT0001,0.0,
2017-01-15,Guatemala-Zacapa,municipality,GT0001,0.0,
2017-01-15,Guatemala-Izabal,municipality,GT0001,0.0,
2017-01-15,Guatemala-Suchitepequez,municipality,GT0001,0.0,
2017-01-15,Guatemala-El_Progreso,municipality,GT0001,0.0,
2017-01-15,Guatemala-Nor_Occidente,municipality,GT0001,0.0,
2017-01-15,Guatemala-Quetzaltenango,municipality,GT0001,1.0,
2017-01-15,Guatemala-Sur,municipality,GT0001,2.0,
2017-01-15,Guatemala-Chiquimula,municipality,GT0001,1.0,
2017-01-15,Guatemala-Central,municipality,GT0001,13.0,
2017-01-15,Guatemala-Escuintla,municipality,GT0001,0.0,
2017-01-22,Guatemala,country,GT0001,40.0,
2017-01-22,Guatemala-Peten_Sur_Oriental,municipality,GT0001,0.0,
2017-01-22,Guatemala-Alta_Verapaz,municipality,GT0001,0.0,
2017-01-22,Guatemala-Zacapa,municipality,GT0001,0.0,
2017-01-22,Guatemala-Huehuetenango,municipality,GT0001,1.0,
2017-01-22,Guatemala-Suchitepequez,municipality,GT0001,0.0,
2017-01-22,Guatemala-Retalhuleu,municipality,GT0001,0.0,
2017-01-22,Guatemala-Quiche,municipality,GT0001,0.0,
2017-01-22,Guatemala-El_Progreso,municipality,GT0001,0.0,
2017-01-22,Guatemala-Sur,municipality,GT0001,2.0,
2017-01-22,Guatemala-Nor_Occidente,municipality,GT0001,0.0,
2017-01-22,Guatemala-Chiquimula,municipality,GT0001,1.0,
2017-01-22,Guatemala-Izabal,municipality,GT0001,4.0,
2017-01-22,Guatemala-Escuintla,municipality,GT0001,8.0,
2017-01-22,Guatemala-Santa_Rosa,municipality,GT0001,4.0,
2017-01-22,Guatemala-Quetzaltenango,municipality,GT0001,2.0,
2017-01-29,Guatemala-Retalhuleu,municipality,GT0001,0.0,
2017-01-29,Guatemala-Peten_Sur_Oriental,municipality,GT0001,0.0,
2017-01-29,Guatemala-Sacatepequez,municipality,GT0001,0.0,
2017-01-29,Guatemala-El_Progreso,municipality,GT0001,0.0,
2017-01-29,Guatemala-Nor_Occidente,municipality,GT0001,0.0,
2017-01-29,Guatemala-Alta_Verapaz,municipality,GT0001,2.0,
2017-01-29,Guatemala-Suchitepequez,municipality,GT0001,0.0,
2017-01-29,Guatemala-Jalapa,municipality,GT0001,0.0,
2017-01-29,Guatemala-Izabal,municipality,GT0001,0.0,
2017-01-29,Guatemala-Zacapa,municipality,GT0001,0.0,
2017-01-29,Guatemala,country,GT0001,48.0,
2017-01-29,Guatemala-Quetzaltenango,municipality,GT0001,2.0,
2017-01-29,Guatemala-Jutiapa,municipality,GT0001,1.0,
2017-01-29,Guatemala-Santa_Rosa,municipality,GT0001,,
2017-01-29,Guatemala-Central,municipality,GT0001,26.0,
2017-01-29,Guatemala-Sur,municipality,GT0001,3.0,
2017-01-29,Guatemala-Quiche,municipality,GT0001,2.0,
2017-02-05,Guatemala-Nor_Occidente,municipality,GT0001,,
2017-02-05,Guatemala-Retalhuleu,municipality,GT0001,,
2017-02-05,Guatemala-Sacatepequez,municipality,GT0001,,
2017-02-05,Guatemala-San_Marcos,municipality,GT0001,,
2017-02-05,Guatemala-Suchitepequez,municipality,GT0001,,
2017-02-05,Guatemala-Zacapa,municipality,GT0001,,
2017-02-05,Guatemala-Jalapa,municipality,GT0001,,
2017-02-05,Guatemala,country,GT0001,69.0,
2017-02-05,Guatemala-Chiquimula,municipality,GT0001,5.0,
2017-02-05,Guatemala-Santa_Rosa,municipality,GT0001,4.0,
2017-02-05,Guatemala-Escuintla,municipality,GT0001,8.0,
2017-02-05,Guatemala-Izabal,municipality,GT0001,4.0,
2017-02-05,Guatemala-Quetzaltenango,municipality,GT0001,5.0,
2017-02-05,Guatemala-Sur,municipality,GT0001,3.0,
2017-02-05,Guatemala-Quiche,municipality,GT0001,2.0,
2017-02-05,Guatemala-Jutiapa,municipality,GT0001,1.0,
2017-02-05,Guatemala-Alta_Verapaz,municipality,GT0001,2.0,
2017-02-05,Guatemala-Huehuetenango,municipality,GT0001,1.0,
2017-02-05,Guatemala-Central,municipality,GT0001,34.0,
2017-02-05,Guatemala-El_Progreso,municipality,GT0001,,
2017-02-05,Guatemala-Peten_Norte,municipality,GT0001,,
2017-02-05,Guatemala-Peten_Sur_Oriental,municipality,GT0001,,
2017-02-12,Guatemala-Suchitepequez,municipality,GT0001,,
2017-02-12,Guatemala-El_Progreso,municipality,GT0001,,
2017-02-12,Guatemala-Nor_Occidente,municipality,GT0001,,
2017-02-12,Guatemala-Nor_Oriente,municipality,GT0001,,
2017-02-12,Guatemala-Huehuetenango,municipality,GT0001,1.0,
2017-02-12,Guatemala-Alta_Verapaz,municipality,GT0001,2.0,
2017-02-12,Guatemala-Sacatepequez,municipality,GT0001,,
2017-02-12,Guatemala-Jutiapa,municipality,GT0001,1.0,
2017-02-12,Guatemala-Retalhuleu,municipality,GT0001,1.0,
2017-02-12,Guatemala-Sur,municipality,GT0001,4.0,
2017-02-12,Guatemala-Quetzaltenango,municipality,GT0001,6.0,
2017-02-12,Guatemala-Izabal,municipality,GT0001,4.0,
2017-02-12,Guatemala-Santa_Rosa,municipality,GT0001,4.0,
2017-02-12,Guatemala-Escuintla,municipality,GT0001,9.0,
2017-02-12,Guatemala-Quiche,municipality,GT0001,2.0,
2017-02-12,Guatemala-San_Marcos,municipality,GT0001,,
2017-02-12,Guatemala-Solola,municipality,GT0001,,
2017-02-12,Guatemala-Peten_Sur_Oriental,municipality,GT0001,,
2017-02-12,Guatemala,country,GT0001,82.0,
2017-02-12,Guatemala-Ixcan,municipality,GT0001,,
2017-02-12,Guatemala-Peten_Norte,municipality,GT0001,,
2017-02-12,Guatemala-Jalapa,municipality,GT0001,,
2017-02-12,Guatemala-Zacapa,municipality,GT0001,,
2017-02-19,Guatemala-Huehuetenango,municipality,GT0001,1.0,
2017-02-19,Guatemala-Alta_Verapaz,municipality,GT0001,2.0,
2017-02-19,Guatemala-Jutiapa,municipality,GT0001,1.0,
2017-02-19,Guatemala-Retalhuleu,municipality,GT0001,1.0,
2017-02-19,Guatemala-Sur,municipality,GT0001,5.0,
2017-02-19,Guatemala-Quetzaltenango,municipality,GT0001,6.0,
2017-02-19,Guatemala,country,GT0001,103.0,
2017-02-19,Guatemala-Ixcan,municipality,GT0001,0.0,
2017-02-19,Guatemala-Peten_Sur_Occidental,municipality,GT0001,0.0,
2017-02-19,Guatemala-Peten_Sur_Oriental,municipality,GT0001,0.0,
2017-02-19,Guatemala-Chiquimula,municipality,GT0001,7.0,
2017-02-19,Guatemala-Central,municipality,GT0001,50.0,
2017-02-19,Guatemala-San_Marcos,municipality,GT0001,0.0,
2017-02-19,Guatemala-Solola,municipality,GT0001,0.0,
2017-02-19,Guatemala-Sacatepequez,municipality,GT0001,0.0,
2017-02-19,Guatemala-El_Progreso,municipality,GT0001,0.0,
2017-02-19,Guatemala-Quiche,municipality,GT0001,6.0,
2017-02-19,Guatemala-Zacapa,municipality,GT0001,2.0,
2017-02-19,Guatemala-Peten_Norte,municipality,GT0001,2.0,
2017-02-19,Guatemala-Izabal,municipality,GT0001,4.0,
2017-02-19,Guatemala-Santa_Rosa,municipality,GT0001,5.0,
2017-02-19,Guatemala-Escuintla,municipality,GT0001,11.0,
2017-02-19,Guatemala-Jalapa,municipality,GT0001,0.0,
2017-02-19,Guatemala-Suchitepequez,municipality,GT0001,0.0,
2017-02-19,Guatemala-Nor_Occidente,municipality,GT0001,0.0,
2017-02-19,Guatemala-Nor_Oriente,municipality,GT0001,0.0,
2017-02-26,Guatemala-Sacatepequez,municipality,GT0001,,
2017-02-26,Guatemala-El_Progreso,municipality,GT0001,,
2017-02-26,Guatemala-Nor_Occidente,municipality,GT0001,,
2017-02-26,Guatemala-Nor_Oriente,municipality,GT0001,,
2017-02-26,Guatemala-Huehuetenango,municipality,GT0001,1.0,
2017-02-26,Guatemala-Alta_Verapaz,municipality,GT0001,2.0,
2017-02-26,Guatemala-Ixcan,municipality,GT0001,,
2017-02-26,Guatemala-Retalhuleu,municipality,GT0001,1.0,
2017-02-26,Guatemala-Peten_Sur_Occidental,municipality,GT0001,,
2017-02-26,Guatemala-Peten_Norte,municipality,GT0001,2.0,
2017-02-26,Guatemala-Quiche,municipality,GT0001,7.0,
2017-02-26,Guatemala-Izabal,municipality,GT0001,4.0,
2017-02-26,Guatemala-Quetzaltenango,municipality,GT0001,8.0,
2017-02-26,Guatemala-Escuintla,municipality,GT0001,12.0,
2017-02-26,Guatemala-Chiquimula,municipality,GT0001,7.0,
2017-02-26,Guatemala-Santa_Rosa,municipality,GT0001,9.0,
2017-02-26,Guatemala-Central,municipality,GT0001,60.0,
2017-02-26,Guatemala-Solola,municipality,GT0001,,
2017-02-26,Guatemala-Sur,municipality,GT0001,5.0,
2017-02-26,Guatemala-Jutiapa,municipality,GT0001,1.0,
2017-02-26,Guatemala-Jalapa,municipality,GT0001,,
2017-02-26,Guatemala-Peten_Sur_Oriental,municipality,GT0001,,
2017-02-26,Guatemala-Zacapa,municipality,GT0001,,
2017-02-26,Guatemala-Suchitepequez,municipality,GT0001,,
2017-02-26,Guatemala-San_Marcos,municipality,GT0001,,
2017-02-26,Guatemala,country,GT0001,119.0,
2017-03-05,Guatemala,country,GT0001,134.0,
2017-03-05,Guatemala-Nor_Occidente,municipality,GT0001,0.0,
2017-03-05,Guatemala-Central,municipality,GT0001,71.0,
2017-03-05,Guatemala-Santa_Rosa,municipality,GT0001,9.0,
2017-03-05,Guatemala-Chiquimula,municipality,GT0001,7.0,
2017-03-05,Guatemala-Escuintla,municipality,GT0001,13.0,
2017-03-05,Guatemala-Quetzaltenango,municipality,GT0001,10.0,
2017-03-05,Guatemala-Quiche,municipality,GT0001,8.0,
2017-03-05,Guatemala-Izabal,municipality,GT0001,4.0,
2017-03-05,Guatemala-Peten_Norte,municipality,GT0001,2.0,
2017-03-05,Guatemala-El_Progreso,municipality,GT0001,0.0,
2017-03-05,Guatemala-Retalhuleu,municipality,GT0001,1.0,
2017-03-05,Guatemala-Sur,municipality,GT0001,5.0,
2017-03-05,Guatemala-Sacatepequez,municipality,GT0001,0.0,
2017-03-05,Guatemala-Solola,municipality,GT0001,0.0,
2017-03-05,Guatemala-San_Marcos,municipality,GT0001,0.0,
2017-03-05,Guatemala-Suchitepequez,municipality,GT0001,0.0,
2017-03-05,Guatemala-Jalapa,municipality,GT0001,0.0,
2017-03-05,Guatemala-Nor_Oriente,municipality,GT0001,0.0,
2017-03-05,Guatemala-Ixcan,municipality,GT0001,0.0,
2017-03-05,Guatemala-Baja_Verapaz,municipality,GT0001,0.0,
2017-03-05,Guatemala-Peten_Sur_Oriental,municipality,GT0001,0.0,
2017-03-05,Guatemala-Peten_Sur_Occidental,municipality,GT0001,0.0,
2017-03-05,Guatemala-Huehuetenango,municipality,GT0001,1.0,
2017-03-05,Guatemala-Alta_Verapaz,municipality,GT0001,2.0,
2017-03-05,Guatemala-Zacapa,municipality,GT0001,0.0,
2017-03-05,Guatemala-Jutiapa,municipality,GT0001,1.0,
2017-03-12,Guatemala-Nor_Occidente,municipality,GT0001,0.0,
2017-03-12,Guatemala-El_Progreso,municipality,GT0001,0.0,
2017-03-12,Guatemala-Sacatepequez,municipality,GT0001,0.0,
2017-03-12,Guatemala-Solola,municipality,GT0001,0.0,
2017-03-12,Guatemala-Suchitepequez,municipality,GT0001,0.0,
2017-03-12,Guatemala-Nor_Oriente,municipality,GT0001,0.0,
2017-03-12,Guatemala-Jalapa,municipality,GT0001,0.0,
2017-03-12,Guatemala-Zacapa,municipality,GT0001,0.0,
2017-03-12,Guatemala-Peten_Sur_Occidental,municipality,GT0001,0.0,
2017-03-12,Guatemala-Ixcan,municipality,GT0001,0.0,
2017-03-12,Guatemala-San_Marcos,municipality,GT0001,0.0,
2017-03-12,Guatemala-Huehuetenango,municipality,GT0001,1.0,
2017-03-12,Guatemala-Retalhuleu,municipality,GT0001,1.0,
2017-03-12,Guatemala-Jutiapa,municipality,GT0001,1.0,
2017-03-12,Guatemala-Peten_Sur_Oriental,municipality,GT0001,1.0,
2017-03-12,Guatemala-Baja_Verapaz,municipality,GT0001,2.0,
2017-03-12,Guatemala-Sur,municipality,GT0001,7.0,
2017-03-12,Guatemala-Peten_Norte,municipality,GT0001,2.0,
2017-03-12,Guatemala-Quiche,municipality,GT0001,8.0,
2017-03-12,Guatemala-Quetzaltenango,municipality,GT0001,10.0,
2017-03-12,Guatemala-Escuintla,municipality,GT0001,13.0,
2017-03-12,Guatemala-Chiquimula,municipality,GT0001,7.0,
2017-03-12,Guatemala-Santa_Rosa,municipality,GT0001,9.0,
2017-03-12,Guatemala-Central,municipality,GT0001,75.0,
2017-03-12,Guatemala-Alta_Verapaz,municipality,GT0001,2.0,
2017-03-12,Guatemala-Izabal,municipality,GT0001,4.0,
2017-03-12,Guatemala,country,GT0001,143.0,
2017-03-19,Guatemala-Suchitepequez,municipality,GT0001,0.0,
2017-03-19,Guatemala-Central,municipality,GT0001,84.0,
2017-03-19,Guatemala,country,GT0001,151.0,
2017-03-19,Guatemala-Ixcan,municipality,GT0001,0.0,
2017-03-19,Guatemala-Peten_Sur_Occidental,municipality,GT0001,0.0,
2017-03-19,Guatemala-Peten_Sur_Oriental,municipality,GT0001,0.0,
2017-03-19,Guatemala-Zacapa,municipality,GT0001,0.0,
2017-03-19,Guatemala-Jalapa,municipality,GT0001,0.0,
2017-03-19,Guatemala-San_Marcos,municipality,GT0001,0.0,
2017-03-19,Guatemala-Solola,municipality,GT0001,0.0,
2017-03-19,Guatemala-Sacatepequez,municipality,GT0001,0.0,
2017-03-19,Guatemala-Nor_Occidente,municipality,GT0001,0.0,
2017-03-19,Guatemala-Nor_Oriente,municipality,GT0001,0.0,
2017-03-19,Guatemala-El_Progreso,municipality,GT0001,0.0,
2017-03-19,Guatemala-Alta_Verapaz,municipality,GT0001,2.0,
2017-03-19,Guatemala-Santa_Rosa,municipality,GT0001,9.0,
2017-03-19,Guatemala-Chiquimula,municipality,GT0001,7.0,
2017-03-19,Guatemala-Escuintla,municipality,GT0001,13.0,
2017-03-19,Guatemala-Quetzaltenango,municipality,GT0001,10.0,
2017-03-19,Guatemala-Huehuetenango,municipality,GT0001,1.0,
2017-03-19,Guatemala-Izabal,municipality,GT0001,4.0,
2017-03-19,Guatemala-Quiche,municipality,GT0001,8.0,
2017-03-19,Guatemala-Sur,municipality,GT0001,7.0,
2017-03-19,Guatemala-Baja_Verapaz,municipality,GT0001,2.0,
2017-03-19,Guatemala-Retalhuleu,municipality,GT0001,1.0,
2017-03-19,Guatemala-Jutiapa,municipality,GT0001,1.0,
2017-03-19,Guatemala-Peten_Norte,municipality,GT0001,2.0,
2017-03-26,Guatemala-Jutiapa,municipality,GT0001,1.0,
2017-03-26,Guatemala-Alta_Verapaz,municipality,GT0001,2.0,
2017-03-26,Guatemala-Izabal,municipality,GT0001,4.0,
2017-03-26,Guatemala-Zacapa,municipality,GT0001,0.0,
2017-03-26,Guatemala-Chiquimula,municipality,GT0001,7.0,
2017-03-26,Guatemala-Baja_Verapaz,municipality,GT0001,2.0,
2017-03-26,Guatemala-Escuintla,municipality,GT0001,13.0,
2017-03-26,Guatemala-Peten_Sur_Oriental,municipality,GT0001,1.0,
2017-03-26,Guatemala-Peten_Sur_Occidental,municipality,GT0001,0.0,
2017-03-26,Guatemala-Ixcan,municipality,GT0001,0.0,
2017-03-26,Guatemala,country,GT0001,158.0,
2017-03-26,Guatemala-Jalapa,municipality,GT0001,0.0,
2017-03-26,Guatemala-Peten_Norte,municipality,GT0001,2.0,
2017-03-26,Guatemala-Suchitepequez,municipality,GT0001,0.0,
2017-03-26,Guatemala-Nor_Occidente,municipality,GT0001,0.0,
2017-03-26,Guatemala-San_Marcos,municipality,GT0001,0.0,
2017-03-26,Guatemala-Central,municipality,GT0001,87.0,
2017-03-26,Guatemala-Nor_Oriente,municipality,GT0001,0.0,
2017-03-26,Guatemala-Retalhuleu,municipality,GT0001,1.0,
2017-03-26,Guatemala-El_Progreso,municipality,GT0001,0.0,
2017-03-26,Guatemala-Sacatepequez,municipality,GT0001,0.0,
2017-03-26,Guatemala-Sur,municipality,GT0001,8.0,
2017-03-26,Guatemala-Santa_Rosa,municipality,GT0001,11.0,
2017-03-26,Guatemala-Huehuetenango,municipality,GT0001,1.0,
2017-03-26,Guatemala-Quiche,municipality,GT0001,8.0,
2017-03-26,Guatemala-Solola,municipality,GT0001,0.0,
2017-03-26,Guatemala-Quetzaltenango,municipality,GT0001,10.0,
2017-04-02,Guatemala-El_Progreso,municipality,GT0001,,
2017-04-02,Guatemala-Peten_Sur_Oriental,municipality,GT0001,1.0,
2017-04-02,Guatemala-Retalhuleu,municipality,GT0001,1.0,
2017-04-02,Guatemala-Alta_Verapaz,municipality,GT0001,2.0,
2017-04-02,Guatemala-Huehuetenango,municipality,GT0001,1.0,
2017-04-02,Guatemala-Zacapa,municipality,GT0001,1.0,
2017-04-02,Guatemala-Nor_Occidente,municipality,GT0001,,
2017-04-02,Guatemala-Nor_Oriente,municipality,GT0001,,
2017-04-02,Guatemala-Jalapa,municipality,GT0001,,
2017-04-02,Guatemala-Peten_Sur_Occidental,municipality,GT0001,,
2017-04-02,Guatemala-Sacatepequez,municipality,GT0001,,
2017-04-02,Guatemala-San_Marcos,municipality,GT0001,,
2017-04-02,Guatemala-Solola,municipality,GT0001,,
2017-04-02,Guatemala-Jutiapa,municipality,GT0001,3.0,
2017-04-02,Guatemala-Ixcan,municipality,GT0001,,
2017-04-02,Guatemala-Baja_Verapaz,municipality,GT0001,2.0,
2017-04-02,Guatemala-Central,municipality,GT0001,102.0,
2017-04-02,Guatemala-Peten_Norte,municipality,GT0001,2.0,
2017-04-02,Guatemala-Chiquimula,municipality,GT0001,16.0,
2017-04-02,Guatemala-Santa_Rosa,municipality,GT0001,10.0,
2017-04-02,Guatemala-Escuintla,municipality,GT0001,17.0,
2017-04-02,Guatemala-Sur,municipality,GT0001,8.0,
2017-04-02,Guatemala-Quiche,municipality,GT0001,8.0,
2017-04-02,Guatemala-Izabal,municipality,GT0001,4.0,
2017-04-02,Guatemala-Quetzaltenango,municipality,GT0001,12.0,
2017-04-09,Guatemala-Quetzaltenango,municipality,GT0001,,
2017-04-09,Guatemala-Huehuetenango,municipality,GT0001,4.0,
2017-04-09,Guatemala-Sur,municipality,GT0001,,
2017-04-09,Guatemala-Nor_Occidente,municipality,GT0001,,
2017-04-09,Guatemala-Chimaltenango,municipality,GT0001,1.0,
2017-04-09,Guatemala-Solola,municipality,GT0001,1.0,
2017-04-09,Guatemala-Central,municipality,GT0001,2.0,
2017-04-09,Guatemala-Chiquimula,municipality,GT0001,1.0,
2017-04-09,Guatemala-Nor_Oriente,municipality,GT0001,2.0,
2017-04-09,Guatemala-Quiche,municipality,GT0001,6.0,
2017-04-09,Guatemala-El_Progreso,municipality,GT0001,1.0,
2017-04-09,Guatemala-San_Marcos,municipality,GT0001,,
2017-04-09,Guatemala-Baja_Verapaz,municipality,GT0001,3.0,
2017-04-09,Guatemala-Zacapa,municipality,GT0001,3.0,
2017-04-09,Guatemala-Izabal,municipality,GT0001,61.0,
2017-04-09,Guatemala-Suchitepequez,municipality,GT0001,59.0,
2017-04-09,Guatemala-Peten_Norte,municipality,GT0001,19.0,
2017-04-09,Guatemala-Retalhuleu,municipality,GT0001,21.0,
2017-04-09,Guatemala-Peten_Sur_Occidental,municipality,GT0001,17.0,
2017-04-09,Guatemala-Peten_Sur_Oriental,municipality,GT0001,1.0,
2017-04-09,Guatemala-Jalapa,municipality,GT0001,,
2017-04-09,Guatemala-Santa_Rosa,municipality,GT0001,9.0,
2017-04-09,Guatemala-Ixil,municipality,GT0001,,
2017-04-09,Guatemala-Alta_Verapaz,municipality,GT0001,45.0,
2017-04-09,Guatemala-Escuintla,municipality,GT0001,1215.0,
2017-04-09,Guatemala-Ixcan,municipality,GT0001,,
2017-04-09,Guatemala,country,GT0001,,
2017-04-16,Guatemala-Nor_Occidente,municipality,GT0001,0.0,
2017-04-16,Guatemala-Central,municipality,GT0001,91.0,
2017-04-16,Guatemala-Peten_Sur_Oriental,municipality,GT0001,1.0,
2017-04-16,Guatemala-Jutiapa,municipality,GT0001,3.0,
2017-04-16,Guatemala-Baja_Verapaz,municipality,GT0001,2.0,
2017-04-16,Guatemala-Sur,municipality,GT0001,8.0,
2017-04-16,Guatemala-Peten_Norte,municipality,GT0001,2.0,
2017-04-16,Guatemala-El_Progreso,municipality,GT0001,0.0,
2017-04-16,Guatemala-Izabal,municipality,GT0001,4.0,
2017-04-16,Guatemala-Solola,municipality,GT0001,0.0,
2017-04-16,Guatemala-Sacatepequez,municipality,GT0001,0.0,
2017-04-16,Guatemala-Retalhuleu,municipality,GT0001,1.0,
2017-04-16,Guatemala-Alta_Verapaz,municipality,GT0001,2.0,
2017-04-16,Guatemala-Chiquimula,municipality,GT0001,11.0,
2017-04-16,Guatemala-Nor_Oriente,municipality,GT0001,0.0,
2017-04-16,Guatemala-Quiche,municipality,GT0001,8.0,
2017-04-16,Guatemala-Santa_Rosa,municipality,GT0001,12.0,
2017-04-16,Guatemala-Huehuetenango,municipality,GT0001,1.0,
2017-04-16,Guatemala-Suchitepequez,municipality,GT0001,0.0,
2017-04-16,Guatemala-Quetzaltenango,municipality,GT0001,12.0,
2017-04-16,Guatemala-San_Marcos,municipality,GT0001,0.0,
2017-04-16,Guatemala,country,GT0001,173.0,
2017-04-16,Guatemala-Escuintla,municipality,GT0001,15.0,
2017-04-16,Guatemala-Peten_Sur_Occidental,municipality,GT0001,0.0,
2017-04-16,Guatemala-Jalapa,municipality,GT0001,0.0,
2017-04-16,Guatemala-Zacapa,municipality,GT0001,0.0,
2017-04-16,Guatemala-Ixcan,municipality,GT0001,0.0,
2017-04-23,Guatemala,country,GT0001,187.0,
2017-04-23,Guatemala-Ixcan,municipality,GT0001,,
2017-04-23,Guatemala-Peten_Sur_Occidental,municipality,GT0001,,
2017-04-23,Guatemala-Zacapa,municipality,GT0001,,
2017-04-23,Guatemala-Jalapa,municipality,GT0001,,
2017-04-23,Guatemala-Suchitepequez,municipality,GT0001,,
2017-04-23,Guatemala-San_Marcos,municipality,GT0001,,
2017-04-23,Guatemala-Solola,municipality,GT0001,,
2017-04-23,Guatemala-Sacatepequez,municipality,GT0001,,
2017-04-23,Guatemala-El_Progreso,municipality,GT0001,,
2017-04-23,Guatemala-Nor_Occidente,municipality,GT0001,,
2017-04-23,Guatemala-Nor_Oriente,municipality,GT0001,,
2017-04-23,Guatemala-Huehuetenango,municipality,GT0001,1.0,
2017-04-23,Guatemala-Retalhuleu,municipality,GT0001,1.0,
2017-04-23,Guatemala-Jutiapa,municipality,GT0001,3.0,
2017-04-23,Guatemala-Baja_Verapaz,municipality,GT0001,2.0,
2017-04-23,Guatemala-Sur,municipality,GT0001,8.0,
2017-04-23,Guatemala-Peten_Norte,municipality,GT0001,2.0,
2017-04-23,Guatemala-Izabal,municipality,GT0001,4.0,
2017-04-23,Guatemala-Quiche,municipality,GT0001,9.0,
2017-04-23,Guatemala-Quetzaltenango,municipality,GT0001,12.0,
2017-04-23,Guatemala-Escuintla,municipality,GT0001,15.0,
2017-04-23,Guatemala-Chiquimula,municipality,GT0001,13.0,
2017-04-23,Guatemala-Santa_Rosa,municipality,GT0001,21.0,
2017-04-23,Guatemala-Central,municipality,GT0001,93.0,
2017-04-23,Guatemala-Alta_Verapaz,municipality,GT0001,2.0,
2017-04-23,Guatemala-Peten_Sur_Oriental,municipality,GT0001,1.0,
2017-04-30,Guatemala-Suchitepequez,municipality,GT0001,,
2017-04-30,Guatemala-Central,municipality,GT0001,93.0,
2017-04-30,Guatemala-Santa_Rosa,municipality,GT0001,21.0,
2017-04-30,Guatemala-Chiquimula,municipality,GT0001,15.0,
2017-04-30,Guatemala-Escuintla,municipality,GT0001,17.0,
2017-04-30,Guatemala-Quetzaltenango,municipality,GT0001,13.0,
2017-04-30,Guatemala-Quiche,municipality,GT0001,9.0,
2017-04-30,Guatemala-Izabal,municipality,GT0001,4.0,
2017-04-30,Guatemala-Peten_Norte,municipality,GT0001,2.0,
2017-04-30,Guatemala-Jutiapa,municipality,GT0001,4.0,
2017-04-30,Guatemala-Sur,municipality,GT0001,8.0,
2017-04-30,Guatemala-Peten_Sur_Occidental,municipality,GT0001,2.0,
2017-04-30,Guatemala-Baja_Verapaz,municipality,GT0001,2.0,
2017-04-30,Guatemala-Zacapa,municipality,GT0001,1.0,
2017-04-30,Guatemala-Peten_Sur_Oriental,municipality,GT0001,1.0,
2017-04-30,Guatemala-Retalhuleu,municipality,GT0001,1.0,
2017-04-30,Guatemala-Alta_Verapaz,municipality,GT0001,2.0,
2017-04-30,Guatemala-Huehuetenango,municipality,GT0001,1.0,
2017-04-30,Guatemala-Nor_Oriente,municipality,GT0001,,
2017-04-30,Guatemala-Nor_Occidente,municipality,GT0001,,
2017-04-30,Guatemala-El_Progreso,municipality,GT0001,,
2017-04-30,Guatemala-Sacatepequez,municipality,GT0001,,
2017-04-30,Guatemala-Solola,municipality,GT0001,,
2017-04-30,Guatemala-San_Marcos,municipality,GT0001,,
2017-04-30,Guatemala,country,GT0001,196.0,
2017-04-30,Guatemala-Ixcan,municipality,GT0001,,
2017-04-30,Guatemala-Jalapa,municipality,GT0001,,
2017-05-07,Guatemala,country,GT0001,208.0,
2017-05-07,Guatemala-Ixcan,municipality,GT0001,0.0,
2017-05-07,Guatemala-Jalapa,municipality,GT0001,0.0,
2017-05-07,Guatemala-Suchitepequez,municipality,GT0001,0.0,
2017-05-07,Guatemala-Sacatepequez,municipality,GT0001,0.0,
2017-05-07,Guatemala-San_Marcos,municipality,GT0001,0.0,
2017-05-07,Guatemala-Solola,municipality,GT0001,0.0,
2017-05-07,Guatemala-Peten_Sur_Oriental,municipality,GT0001,2.0,
2017-05-07,Guatemala-Alta_Verapaz,municipality,GT0001,2.0,
2017-05-07,Guatemala-Retalhuleu,municipality,GT0001,1.0,
2017-05-07,Guatemala-Zacapa,municipality,GT0001,1.0,
2017-05-07,Guatemala-Baja_Verapaz,municipality,GT0001,2.0,
2017-05-07,Guatemala-Peten_Sur_Occidental,municipality,GT0001,2.0,
2017-05-07,Guatemala-Sur,municipality,GT0001,8.0,
2017-05-07,Guatemala-Nor_Oriente,municipality,GT0001,0.0,
2017-05-07,Guatemala-Jutiapa,municipality,GT0001,4.0,
2017-05-07,Guatemala-Peten_Norte,municipality,GT0001,2.0,
2017-05-07,Guatemala-Izabal,municipality,GT0001,4.0,
2017-05-07,Guatemala-Quiche,municipality,GT0001,11.0,
2017-05-07,Guatemala-Quetzaltenango,municipality,GT0001,13.0,
2017-05-07,Guatemala-El_Progreso,municipality,GT0001,0.0,
2017-05-07,Guatemala-Escuintla,municipality,GT0001,19.0,
2017-05-07,Guatemala-Chiquimula,municipality,GT0001,19.0,
2017-05-07,Guatemala-Santa_Rosa,municipality,GT0001,20.0,
2017-05-07,Guatemala-Central,municipality,GT0001,96.0,
2017-05-07,Guatemala-Nor_Occidente,municipality,GT0001,1.0,
2017-05-07,Guatemala-Huehuetenango,municipality,GT0001,1.0,
2017-05-14,Guatemala-Solola,municipality,GT0001,0.0,
2017-05-14,Guatemala-Central,municipality,GT0001,96.0,
2017-05-14,Guatemala,country,GT0001,204.0,
2017-05-14,Guatemala-Ixcan,municipality,GT0001,0.0,
2017-05-14,Guatemala-Chimaltenango,municipality,GT0001,0.0,
2017-05-14,Guatemala-Totonicapan,municipality,GT0001,0.0,
2017-05-14,Guatemala-Sacatepequez,municipality,GT0001,0.0,
2017-05-14,Guatemala-El_Progreso,municipality,GT0001,0.0,
2017-05-14,Guatemala-Nor_Occidente,municipality,GT0001,0.0,
2017-05-14,Guatemala-Nor_Oriente,municipality,GT0001,0.0,
2017-05-14,Guatemala-Huehuetenango,municipality,GT0001,1.0,
2017-05-14,Guatemala-Alta_Verapaz,municipality,GT0001,2.0,
2017-05-14,Guatemala-Retalhuleu,municipality,GT0001,1.0,
2017-05-14,Guatemala-Suchitepequez,municipality,GT0001,0.0,
2017-05-14,Guatemala-Baja_Verapaz,municipality,GT0001,2.0,
2017-05-14,Guatemala-Peten_Sur_Occidental,municipality,GT0001,2.0,
2017-05-14,Guatemala-San_Marcos,municipality,GT0001,0.0,
2017-05-14,Guatemala-Sur,municipality,GT0001,8.0,
2017-05-14,Guatemala-Jutiapa,municipality,GT0001,4.0,
2017-05-14,Guatemala-Peten_Norte,municipality,GT0001,2.0,
2017-05-14,Guatemala-Izabal,municipality,GT0001,4.0,
2017-05-14,Guatemala-Quiche,municipality,GT0001,9.0,
2017-05-14,Guatemala-Quetzaltenango,municipality,GT0001,13.0,
2017-05-14,Guatemala-Escuintla,municipality,GT0001,18.0,
2017-05-14,Guatemala-Chiquimula,municipality,GT0001,19.0,
2017-05-14,Guatemala-Santa_Rosa,municipality,GT0001,20.0,
2017-05-14,Guatemala-Jalapa,municipality,GT0001,0.0,
2017-05-14,Guatemala-Ixil,municipality,GT0001,0.0,
2017-05-14,Guatemala-Peten_Sur_Oriental,municipality,GT0001,2.0,
2017-05-14,Guatemala-Zacapa,municipality,GT0001,1.0,
2017-05-21,Guatemala-Ixcan,municipality,GT0001,0.0,
2017-05-21,Guatemala-Central,municipality,GT0001,101.0,
2017-05-21,Guatemala-Jalapa,municipality,GT0001,0.0,
2017-05-21,Guatemala-San_Marcos,municipality,GT0001,0.0,
2017-05-21,Guatemala-Solola,municipality,GT0001,0.0,
2017-05-21,Guatemala-Sacatepequez,municipality,GT0001,0.0,
2017-05-21,Guatemala-El_Progreso,municipality,GT0001,0.0,
2017-05-21,Guatemala-Nor_Occidente,municipality,GT0001,0.0,
2017-05-21,Guatemala-Nor_Oriente,municipality,GT0001,0.0,
2017-05-21,Guatemala-Alta_Verapaz,municipality,GT0001,2.0,
2017-05-21,Guatemala-Suchitepequez,municipality,GT0001,1.0,
2017-05-21,Guatemala-Retalhuleu,municipality,GT0001,1.0,
2017-05-21,Guatemala,country,GT0001,222.0,
2017-05-21,Guatemala-Zacapa,municipality,GT0001,1.0,
2017-05-21,Guatemala-Peten_Sur_Occidental,municipality,GT0001,2.0,
2017-05-21,Guatemala-Sur,municipality,GT0001,8.0,
2017-05-21,Guatemala-Peten_Sur_Oriental,municipality,GT0001,2.0,
2017-05-21,Guatemala-Izabal,municipality,GT0001,4.0,
2017-05-21,Guatemala-Peten_Norte,municipality,GT0001,3.0,
2017-05-21,Guatemala-Quiche,municipality,GT0001,11.0,
2017-05-21,Guatemala-Jutiapa,municipality,GT0001,7.0,
2017-05-21,Guatemala-Quetzaltenango,municipality,GT0001,14.0,
2017-05-21,Guatemala-Escuintla,municipality,GT0001,23.0,
2017-05-21,Guatemala-Santa_Rosa,municipality,GT0001,20.0,
2017-05-21,Guatemala-Baja_Verapaz,municipality,GT0001,2.0,
2017-05-21,Guatemala-Huehuetenango,municipality,GT0001,1.0,
2017-05-28,Guatemala-Zacapa,municipality,GT0001,,
2017-05-28,Guatemala-Chiquimula,municipality,GT0001,5.0,
2017-05-28,Guatemala-Central,municipality,GT0001,34.0,
2017-05-28,Guatemala-Santa_Rosa,municipality,GT0001,4.0,
2017-05-28,Guatemala-Escuintla,municipality,GT0001,8.0,
2017-05-28,Guatemala-Izabal,municipality,GT0001,4.0,
2017-05-28,Guatemala-Quetzaltenango,municipality,GT0001,5.0,
2017-05-28,Guatemala-Sur,municipality,GT0001,3.0,
2017-05-28,Guatemala-Quiche,municipality,GT0001,2.0,
2017-05-28,Guatemala-Jutiapa,municipality,GT0001,1.0,
2017-05-28,Guatemala-Alta_Verapaz,municipality,GT0001,2.0,
2017-05-28,Guatemala,country,GT0001,69.0,
2017-05-28,Guatemala-El_Progreso,municipality,GT0001,,
2017-05-28,Guatemala-Nor_Occidente,municipality,GT0001,,
2017-05-28,Guatemala-Jalapa,municipality,GT0001,,
2017-05-28,Guatemala-Peten_Norte,municipality,GT0001,,
2017-05-28,Guatemala-Peten_Sur_Oriental,municipality,GT0001,,
2017-05-28,Guatemala-Retalhuleu,municipality,GT0001,,
2017-05-28,Guatemala-Sacatepequez,municipality,GT0001,,
2017-05-28,Guatemala-San_Marcos,municipality,GT0001,,
2017-05-28,Guatemala-Suchitepequez,municipality,GT0001,,
2017-05-28,Guatemala-Huehuetenango,municipality,GT0001,1.0,
2017-06-04,Guatemala-Nor_Occidente,municipality,GT0001,2.0,
2017-06-04,Guatemala-Alta_Verapaz,municipality,GT0001,2.0,
2017-06-04,Guatemala-Huehuetenango,municipality,GT0001,1.0,
2017-06-04,Guatemala-Nor_Oriente,municipality,GT0001,0.0,
2017-06-04,Guatemala-El_Progreso,municipality,GT0001,0.0,
2017-06-04,Guatemala,country,GT0001,259.0,
2017-06-04,Guatemala-Solola,municipality,GT0001,0.0,
2017-06-04,Guatemala-San_Marcos,municipality,GT0001,0.0,
2017-06-04,Guatemala-Ixcan,municipality,GT0001,0.0,
2017-06-04,Guatemala-Jalapa,municipality,GT0001,1.0,
2017-06-04,Guatemala-Sacatepequez,municipality,GT0001,0.0,
2017-06-04,Guatemala-Zacapa,municipality,GT0001,1.0,
2017-06-04,Guatemala-Retalhuleu,municipality,GT0001,1.0,
2017-06-04,Guatemala-Baja_Verapaz,municipality,GT0001,2.0,
2017-06-04,Guatemala-Central,municipality,GT0001,119.0,
2017-06-04,Guatemala-Suchitepequez,municipality,GT0001,3.0,
2017-06-04,Guatemala-Chiquimula,municipality,GT0001,21.0,
2017-06-04,Guatemala-Escuintla,municipality,GT0001,29.0,
2017-06-04,Guatemala-Jutiapa,municipality,GT0001,11.0,
2017-06-04,Guatemala-Quetzaltenango,municipality,GT0001,14.0,
2017-06-04,Guatemala-Santa_Rosa,municipality,GT0001,21.0,
2017-06-04,Guatemala-Peten_Norte,municipality,GT0001,3.0,
2017-06-04,Guatemala-Izabal,municipality,GT0001,4.0,
2017-06-04,Guatemala-Sur,municipality,GT0001,9.0,
2017-06-04,Guatemala-Peten_Sur_Oriental,municipality,GT0001,2.0,
2017-06-04,Guatemala-Peten_Sur_Occidental,municipality,GT0001,2.0,
2017-06-04,Guatemala-Quiche,municipality,GT0001,11.0,
2017-06-11,Guatemala-Retalhuleu,municipality,GT0001,1.0,
2017-06-11,Guatemala-Zacapa,municipality,GT0001,1.0,
2017-06-11,Guatemala-Alta_Verapaz,municipality,GT0001,2.0,
2017-06-11,Guatemala-Huehuetenango,municipality,GT0001,1.0,
2017-06-11,Guatemala-Nor_Oriente,municipality,GT0001,0.0,
2017-06-11,Guatemala-Solola,municipality,GT0001,0.0,
2017-06-11,Guatemala-Sacatepequez,municipality,GT0001,0.0,
2017-06-11,Guatemala-San_Marcos,municipality,GT0001,0.0,
2017-06-11,Guatemala-Ixcan,municipality,GT0001,0.0,
2017-06-11,Guatemala,country,GT0001,263.0,
2017-06-11,Guatemala-El_Progreso,municipality,GT0001,0.0,
2017-06-11,Guatemala-Suchitepequez,municipality,GT0001,3.0,
2017-06-11,Guatemala-Nor_Occidente,municipality,GT0001,2.0,
2017-06-11,Guatemala-Baja_Verapaz,municipality,GT0001,2.0,
2017-06-11,Guatemala-Jalapa,municipality,GT0001,2.0,
2017-06-11,Guatemala-Central,municipality,GT0001,120.0,
2017-06-11,Guatemala-Chiquimula,municipality,GT0001,23.0,
2017-06-11,Guatemala-Santa_Rosa,municipality,GT0001,21.0,
2017-06-11,Guatemala-Escuintla,municipality,GT0001,29.0,
2017-06-11,Guatemala-Jutiapa,municipality,GT0001,11.0,
2017-06-11,Guatemala-Peten_Sur_Occidental,municipality,GT0001,2.0,
2017-06-11,Guatemala-Quiche,municipality,GT0001,11.0,
2017-06-11,Guatemala-Peten_Norte,municipality,GT0001,3.0,
2017-06-11,Guatemala-Izabal,municipality,GT0001,4.0,
2017-06-11,Guatemala-Sur,municipality,GT0001,9.0,
2017-06-11,Guatemala-Peten_Sur_Oriental,municipality,GT0001,2.0,
2017-06-11,Guatemala-Quetzaltenango,municipality,GT0001,14.0,
2017-06-18,Guatemala-Retalhuleu,municipality,GT0001,1.0,
2017-06-18,Guatemala-Nor_Occidente,municipality,GT0001,2.0,
2017-06-18,Guatemala-Alta_Verapaz,municipality,GT0001,2.0,
2017-06-18,Guatemala-Nor_Oriente,municipality,GT0001,,
2017-06-18,Guatemala-Solola,municipality,GT0001,,
2017-06-18,Guatemala-Sacatepequez,municipality,GT0001,,
2017-06-18,Guatemala-Suchitepequez,municipality,GT0001,3.0,
2017-06-18,Guatemala-San_Marcos,municipality,GT0001,,
2017-06-18,Guatemala-Ixcan,municipality,GT0001,,
2017-06-18,Guatemala,country,GT0001,270.0,
2017-06-18,Guatemala-El_Progreso,municipality,GT0001,,
2017-06-18,Guatemala-Jalapa,municipality,GT0001,2.0,
2017-06-18,Guatemala-Huehuetenango,municipality,GT0001,1.0,
2017-06-18,Guatemala-Peten_Sur_Occidental,municipality,GT0001,2.0,
2017-06-18,Guatemala-Baja_Verapaz,municipality,GT0001,2.0,
2017-06-18,Guatemala-Central,municipality,GT0001,125.0,
2017-06-18,Guatemala-Chiquimula,municipality,GT0001,24.0,
2017-06-18,Guatemala-Santa_Rosa,municipality,GT0001,21.0,
2017-06-18,Guatemala-Escuintla,municipality,GT0001,29.0,
2017-06-18,Guatemala-Jutiapa,municipality,GT0001,11.0,
2017-06-18,Guatemala-Zacapa,municipality,GT0001,1.0,
2017-06-18,Guatemala-Quiche,municipality,GT0001,11.0,
2017-06-18,Guatemala-Peten_Norte,municipality,GT0001,3.0,
2017-06-18,Guatemala-Izabal,municipality,GT0001,4.0,
2017-06-18,Guatemala-Sur,municipality,GT0001,9.0,
2017-06-18,Guatemala-Peten_Sur_Oriental,municipality,GT0001,2.0,
2017-06-18,Guatemala-Quetzaltenango,municipality,GT0001,15.0,
2017-06-25,Guatemala-Suchitepequez,municipality,GT0001,3.0,
2017-06-25,Guatemala-Baja_Verapaz,municipality,GT0001,2.0,
2017-06-25,Guatemala-Peten_Sur_Occidental,municipality,GT0001,2.0,
2017-06-25,Guatemala-Peten_Sur_Oriental,municipality,GT0001,2.0,
2017-06-25,Guatemala-Jalapa,municipality,GT0001,3.0,
2017-06-25,Guatemala-Sur,municipality,GT0001,9.0,
2017-06-25,Guatemala-Izabal,municipality,GT0001,4.0,
2017-06-25,Guatemala-Quetzaltenango,municipality,GT0001,17.0,
2017-06-25,Guatemala-Quiche,municipality,GT0001,11.0,
2017-06-25,Guatemala-Jutiapa,municipality,GT0001,11.0,
2017-06-25,Guatemala-Escuintla,municipality,GT0001,30.0,
2017-06-25,Guatemala-Santa_Rosa,municipality,GT0001,21.0,
2017-06-25,Guatemala-Zacapa,municipality,GT0001,1.0,
2017-06-25,Guatemala-Central,municipality,GT0001,128.0,
2017-06-25,Guatemala-Peten_Norte,municipality,GT0001,3.0,
2017-06-25,Guatemala-Chiquimula,municipality,GT0001,24.0,
2017-06-25,Guatemala-Retalhuleu,municipality,GT0001,1.0,
2017-06-25,Guatemala-Alta_Verapaz,municipality,GT0001,2.0,
2017-06-25,Guatemala-Huehuetenango,municipality,GT0001,1.0,
2017-06-25,Guatemala-Nor_Oriente,municipality,GT0001,,
2017-06-25,Guatemala-El_Progreso,municipality,GT0001,,
2017-06-25,Guatemala-Sacatepequez,municipality,GT0001,,
2017-06-25,Guatemala-Solola,municipality,GT0001,,
2017-06-25,Guatemala-San_Marcos,municipality,GT0001,,
2017-06-25,Guatemala-Ixcan,municipality,GT0001,,
2017-06-25,Guatemala,country,GT0001,277.0,
2017-06-25,Guatemala-Nor_Occidente,municipality,GT0001,2.0,
2017-07-02,Guatemala-Zacapa,municipality,GT0001,1.0,
2017-07-02,Guatemala-Retalhuleu,municipality,GT0001,1.0,
2017-07-02,Guatemala-Nor_Occidente,municipality,GT0001,2.0,
2017-07-02,Guatemala-Alta_Verapaz,municipality,GT0001,2.0,
2017-07-02,Guatemala-Huehuetenango,municipality,GT0001,1.0,
2017-07-02,Guatemala-San_Marcos,municipality,GT0001,,
2017-07-02,Guatemala-El_Progreso,municipality,GT0001,,
2017-07-02,Guatemala-Solola,municipality,GT0001,,
2017-07-02,Guatemala-Suchitepequez,municipality,GT0001,3.0,
2017-07-02,Guatemala-Ixcan,municipality,GT0001,,
2017-07-02,Guatemala,country,GT0001,282.0,
2017-07-02,Guatemala-Nor_Oriente,municipality,GT0001,,
2017-07-02,Guatemala-Baja_Verapaz,municipality,GT0001,2.0,
2017-07-02,Guatemala-Sacatepequez,municipality,GT0001,,
2017-07-02,Guatemala-Quiche,municipality,GT0001,11.0,
2017-07-02,Guatemala-Jutiapa,municipality,GT0001,11.0,
2017-07-02,Guatemala-Quetzaltenango,municipality,GT0001,17.0,
2017-07-02,Guatemala-Chiquimula,municipality,GT0001,24.0,
2017-07-02,Guatemala-Peten_Norte,municipality,GT0001,3.0,
2017-07-02,Guatemala-Izabal,municipality,GT0001,4.0,
2017-07-02,Guatemala-Sur,municipality,GT0001,10.0,
2017-07-02,Guatemala-Jalapa,municipality,GT0001,3.0,
2017-07-02,Guatemala-Peten_Sur_Oriental,municipality,GT0001,2.0,
2017-07-02,Guatemala-Peten_Sur_Occidental,municipality,GT0001,2.0,
2017-07-02,Guatemala-Central,municipality,GT0001,132.0,
2017-07-02,Guatemala-Escuintla,municipality,GT0001,30.0,
2017-07-02,Guatemala-Santa_Rosa,municipality,GT0001,21.0,
2017-07-09,Guatemala-Peten_Sur_Occidental,municipality,GT0001,2.0,
2017-07-09,Guatemala-San_Marcos,municipality,GT0001,,
2017-07-09,Guatemala-Solola,municipality,GT0001,,
2017-07-09,Guatemala-Sacatepequez,municipality,GT0001,,
2017-07-09,Guatemala-El_Progreso,municipality,GT0001,,
2017-07-09,Guatemala-Nor_Oriente,municipality,GT0001,,
2017-07-09,Guatemala-Huehuetenango,municipality,GT0001,1.0,
2017-07-09,Guatemala-Alta_Verapaz,municipality,GT0001,2.0,
2017-07-09,Guatemala-Nor_Occidente,municipality,GT0001,4.0,
2017-07-09,Guatemala-Retalhuleu,municipality,GT0001,2.0,
2017-07-09,Guatemala-Zacapa,municipality,GT0001,3.0,
2017-07-09,Guatemala-Central,municipality,GT0001,137.0,
2017-07-09,Guatemala-Chiquimula,municipality,GT0001,23.0,
2017-07-09,Guatemala-Santa_Rosa,municipality,GT0001,21.0,
2017-07-09,Guatemala-Escuintla,municipality,GT0001,30.0,
2017-07-09,Guatemala-Jutiapa,municipality,GT0001,11.0,
2017-07-09,Guatemala-Quetzaltenango,municipality,GT0001,17.0,
2017-07-09,Guatemala-Suchitepequez,municipality,GT0001,2.0,
2017-07-09,Guatemala-Izabal,municipality,GT0001,4.0,
2017-07-09,Guatemala-Sur,municipality,GT0001,10.0,
2017-07-09,Guatemala-Jalapa,municipality,GT0001,3.0,
2017-07-09,Guatemala-Peten_Sur_Oriental,municipality,GT0001,2.0,
2017-07-09,Guatemala-Baja_Verapaz,municipality,GT0001,2.0,
2017-07-09,Guatemala-Quiche,municipality,GT0001,11.0,
2017-07-09,Guatemala-Peten_Norte,municipality,GT0001,3.0,
2017-07-09,Guatemala,country,GT0001,290.0,
2017-07-09,Guatemala-Ixcan,municipality,GT0001,,
2017-07-16,Guatemala-Ixcan,municipality,GT0001,,
2017-07-16,Guatemala-San_Marcos,municipality,GT0001,,
2017-07-16,Guatemala-Solola,municipality,GT0001,,
2017-07-16,Guatemala-Sacatepequez,municipality,GT0001,,
2017-07-16,Guatemala-El_Progreso,municipality,GT0001,,
2017-07-16,Guatemala-Nor_Oriente,municipality,GT0001,,
2017-07-16,Guatemala-Huehuetenango,municipality,GT0001,1.0,
2017-07-16,Guatemala-Alta_Verapaz,municipality,GT0001,2.0,
2017-07-16,Guatemala-Nor_Occidente,municipality,GT0001,5.0,
2017-07-16,Guatemala-Retalhuleu,municipality,GT0001,2.0,
2017-07-16,Guatemala-Suchitepequez,municipality,GT0001,1.0,
2017-07-16,Guatemala-Baja_Verapaz,municipality,GT0001,2.0,
2017-07-16,Guatemala-Chiquimula,municipality,GT0001,24.0,
2017-07-16,Guatemala-Jalapa,municipality,GT0001,3.0,
2017-07-16,Guatemala-Sur,municipality,GT0001,11.0,
2017-07-16,Guatemala-Izabal,municipality,GT0001,4.0,
2017-07-16,Guatemala-Central,municipality,GT0001,137.0,
2017-07-16,Guatemala-Peten_Norte,municipality,GT0001,3.0,
2017-07-16,Guatemala-Quiche,municipality,GT0001,11.0,
2017-07-16,Guatemala-Zacapa,municipality,GT0001,4.0,
2017-07-16,Guatemala-Quetzaltenango,municipality,GT0001,18.0,
2017-07-16,Guatemala-Jutiapa,municipality,GT0001,11.0,
2017-07-16,Guatemala-Escuintla,municipality,GT0001,30.0,
2017-07-16,Guatemala-Santa_Rosa,municipality,GT0001,21.0,
2017-07-16,Guatemala-Peten_Sur_Oriental,municipality,GT0001,2.0,
2017-07-16,Guatemala-Peten_Sur_Occidental,municipality,GT0001,2.0,
2017-07-16,Guatemala,country,GT0001,294.0,
2017-09-17,Guatemala,country,GT0001,398.0,
2017-09-17,Guatemala-Solola,municipality,GT0001,,
2017-09-17,Guatemala-Sacatepequez,municipality,GT0001,,
2017-09-17,Guatemala-El_Progreso,municipality,GT0001,,
2017-09-17,Guatemala-Nor_Oriente,municipality,GT0001,2.0,
2017-09-17,Guatemala-Huehuetenango,municipality,GT0001,2.0,
2017-09-17,Guatemala-Alta_Verapaz,municipality,GT0001,3.0,
2017-09-17,Guatemala-Nor_Occidente,municipality,GT0001,7.0,
2017-09-17,Guatemala-Retalhuleu,municipality,GT0001,2.0,
2017-09-17,Guatemala-Suchitepequez,municipality,GT0001,1.0,
2017-09-17,Guatemala-Baja_Verapaz,municipality,GT0001,2.0,
2017-09-17,Guatemala-Peten_Sur_Occidental,municipality,GT0001,2.0,
2017-09-17,Guatemala-Ixcan,municipality,GT0001,,
2017-09-17,Guatemala-Peten_Sur_Oriental,municipality,GT0001,5.0,
2017-09-17,Guatemala-Sur,municipality,GT0001,15.0,
2017-09-17,Guatemala-Izabal,municipality,GT0001,6.0,
2017-09-17,Guatemala-Peten_Norte,municipality,GT0001,2.0,
2017-09-17,Guatemala-Quiche,municipality,GT0001,11.0,
2017-09-17,Guatemala-Zacapa,municipality,GT0001,10.0,
2017-09-17,Guatemala-Quetzaltenango,municipality,GT0001,36.0,
2017-09-17,Guatemala-Jutiapa,municipality,GT0001,12.0,
2017-09-17,Guatemala-Escuintla,municipality,GT0001,31.0,
2017-09-17,Guatemala-Santa_Rosa,municipality,GT0001,26.0,
2017-09-17,Guatemala-Chiquimula,municipality,GT0001,37.0,
2017-09-17,Guatemala-Central,municipality,GT0001,182.0,
2017-09-17,Guatemala-Jalapa,municipality,GT0001,4.0,
2017-09-17,Guatemala-San_Marcos,municipality,GT0001,,
,Guatemala-Central,municipality,GT0001,187.0,2017-10-08
,Guatemala-Chiquimula,municipality,GT0001,42.0,2017-10-08
,Guatemala-Santa_Rosa,municipality,GT0001,27.0,2017-10-08
,Guatemala-Escuintla,municipality,GT0001,32.0,2017-10-08
,Guatemala-Jutiapa,municipality,GT0001,12.0,2017-10-08
,Guatemala-Quetzaltenango,municipality,GT0001,39.0,2017-10-08
,Guatemala-Zacapa,municipality,GT0001,13.0,2017-10-08
,Guatemala-Quiche,municipality,GT0001,11.0,2017-10-08
,Guatemala-Peten_Norte,municipality,GT0001,2.0,2017-10-08
,Guatemala-Izabal,municipality,GT0001,6.0,2017-10-08
,Guatemala-Sur,municipality,GT0001,15.0,2017-10-08
,Guatemala-Jalapa,municipality,GT0001,4.0,2017-10-08
,Guatemala-Peten_Sur_Oriental,municipality,GT0001,4.0,2017-10-08
,Guatemala-Peten_Sur_Occidental,municipality,GT0001,3.0,2017-10-08
,Guatemala-Baja_Verapaz,municipality,GT0001,2.0,2017-10-08
,Guatemala-Suchitepequez,municipality,GT0001,1.0,2017-10-08
,Guatemala-Retalhuleu,municipality,GT0001,2.0,2017-10-08
,Guatemala-Nor_Occidente,municipality,GT0001,7.0,2017-10-08
,Guatemala-Alta_Verapaz,municipality,GT0001,3.0,2017-10-08
,Guatemala-Huehuetenango,municipality,GT0001,2.0,2017-10-08
,Guatemala-Ixil,municipality,GT0001,1.0,2017-10-08
,Guatemala-Nor_Oriente,municipality,GT0001,2.0,2017-10-08
,Guatemala-El_Progreso,municipality,GT0001,,2017-10-08
,Guatemala-Sacatepequez,municipality,GT0001,,2017-10-08
,Guatemala-Solola,municipality,GT0001,,2017-10-08
,Guatemala-San_Marcos,municipality,GT0001,,2017-10-08
,Guatemala-Ixcan,municipality,GT0001,,2017-10-08
,Guatemala,country,GT0001,417.0,2017-10-08
,Guatemala-Central,municipality,GT0001,187.0,2017-10-15
,Guatemala-Chiquimula,municipality,GT0001,64.0,2017-10-15
,Guatemala-Santa_Rosa,municipality,GT0001,28.0,2017-10-15
,Guatemala-Escuintla,municipality,GT0001,33.0,2017-10-15
,Guatemala-Jutiapa,municipality,GT0001,12.0,2017-10-15
,Guatemala-Quetzaltenango,municipality,GT0001,39.0,2017-10-15
,Guatemala-Zacapa,municipality,GT0001,14.0,2017-10-15
,Guatemala-Quiche,municipality,GT0001,11.0,2017-10-15
,Guatemala-Peten_Norte,municipality,GT0001,2.0,2017-10-15
,Guatemala-Izabal,municipality,GT0001,6.0,2017-10-15
,Guatemala-Sur,municipality,GT0001,15.0,2017-10-15
,Guatemala-Jalapa,municipality,GT0001,4.0,2017-10-15
,Guatemala-Peten_Sur_Oriental,municipality,GT0001,4.0,2017-10-15
,Guatemala-Peten_Sur_Occidental,municipality,GT0001,3.0,2017-10-15
,Guatemala-Baja_Verapaz,municipality,GT0001,2.0,2017-10-15
,Guatemala-Suchitepequez,municipality,GT0001,2.0,2017-10-15
,Guatemala-Retalhuleu,municipality,GT0001,2.0,2017-10-15
,Guatemala-Nor_Occidente,municipality,GT0001,7.0,2017-10-15
,Guatemala-Alta_Verapaz,municipality,GT0001,3.0,2017-10-15
,Guatemala-Huehuetenango,municipality,GT0001,2.0,2017-10-15
,Guatemala-Ixil,municipality,GT0001,1.0,2017-10-15
,Guatemala-Nor_Oriente,municipality,GT0001,2.0,2017-10-15
,Guatemala-El_Progreso,municipality,GT0001,,2017-10-15
,Guatemala-Sacatepequez,municipality,GT0001,,2017-10-15
,Guatemala-Solola,municipality,GT0001,,2017-10-15
,Guatemala-San_Marcos,municipality,GT0001,,2017-10-15
,Guatemala-Ixcan,municipality,GT0001,,2017-10-15
,Guatemala,country,GT0001,443.0,2017-10-15
,Guatemala-Central,municipality,GT0001,194.0,2017-10-29
,Guatemala-Chiquimula,municipality,GT0001,65.0,2017-10-29
,Guatemala-Santa_Rosa,municipality,GT0001,30.0,2017-10-29
,Guatemala-Escuintla,municipality,GT0001,33.0,2017-10-29
,Guatemala-Jutiapa,municipality,GT0001,12.0,2017-10-29
,Guatemala-Quetzaltenango,municipality,GT0001,40.0,2017-10-29
,Guatemala-Zacapa,municipality,GT0001,16.0,2017-10-29
,Guatemala-Quiche,municipality,GT0001,11.0,2017-10-29
,Guatemala-Peten_Norte,municipality,GT0001,2.0,2017-10-29
,Guatemala-Izabal,municipality,GT0001,6.0,2017-10-29
,Guatemala-Sur,municipality,GT0001,16.0,2017-10-29
,Guatemala-Jalapa,municipality,GT0001,4.0,2017-10-29
,Guatemala-Peten_Sur_Oriental,municipality,GT0001,6.0,2017-10-29
,Guatemala-Peten_Sur_Occidental,municipality,GT0001,2.0,2017-10-29
,Guatemala-Baja_Verapaz,municipality,GT0001,2.0,2017-10-29
,Guatemala-Suchitepequez,municipality,GT0001,2.0,2017-10-29
,Guatemala-Retalhuleu,municipality,GT0001,2.0,2017-10-29
,Guatemala-Nor_Occidente,municipality,GT0001,7.0,2017-10-29
,Guatemala-Alta_Verapaz,municipality,GT0001,2.0,2017-10-29
,Guatemala-Huehuetenango,municipality,GT0001,3.0,2017-10-29
,Guatemala-Ixil,municipality,GT0001,1.0,2017-10-29
,Guatemala-Nor_Oriente,municipality,GT0001,2.0,2017-10-29
,Guatemala-El_Progreso,municipality,GT0001,,2017-10-29
,Guatemala-Sacatepequez,municipality,GT0001,,2017-10-29
,Guatemala-Solola,municipality,GT0001,,2017-10-29
,Guatemala-San_Marcos,municipality,GT0001,,2017-10-29
,Guatemala-Ixcan,municipality,GT0001,,2017-10-29
,Guatemala,country,GT0001,458.0,2017-10-29
,Guatemala-Central,municipality,GT0001,198.0,2017-11-19
,Guatemala-Chiquimula,municipality,GT0001,65.0,2017-11-19
,Guatemala-Santa_Rosa,municipality,GT0001,35.0,2017-11-19
,Guatemala-Escuintla,municipality,GT0001,33.0,2017-11-19
,Guatemala-Jutiapa,municipality,GT0001,12.0,2017-11-19
,Guatemala-Quetzaltenango,municipality,GT0001,45.0,2017-11-19
,Guatemala-Zacapa,municipality,GT0001,16.0,2017-11-19
,Guatemala-Quiche,municipality,GT0001,11.0,2017-11-19
,Guatemala-Peten_Norte,municipality,GT0001,2.0,2017-11-19
,Guatemala-Izabal,municipality,GT0001,6.0,2017-11-19
,Guatemala-Sur,municipality,GT0001,16.0,2017-11-19
,Guatemala-Jalapa,municipality,GT0001,5.0,2017-11-19
,Guatemala-Peten_Sur_Oriental,municipality,GT0001,5.0,2017-11-19
,Guatemala-Peten_Sur_Occidental,municipality,GT0001,3.0,2017-11-19
,Guatemala-Baja_Verapaz,municipality,GT0001,3.0,2017-11-19
,Guatemala-Suchitepequez,municipality,GT0001,2.0,2017-11-19
,Guatemala-Retalhuleu,municipality,GT0001,2.0,2017-11-19
,Guatemala-Nor_Occidente,municipality,GT0001,10.0,2017-11-19
,Guatemala-Alta_Verapaz,municipality,GT0001,3.0,2017-11-19
,Guatemala-Huehuetenango,municipality,GT0001,4.0,2017-11-19
,Guatemala-Ixil,municipality,GT0001,1.0,2017-11-19
,Guatemala-Nor_Oriente,municipality,GT0001,2.0,2017-11-19
,Guatemala-El_Progreso,municipality,GT0001,,2017-11-19
,Guatemala-Sacatepequez,municipality,GT0001,,2017-11-19
,Guatemala-Solola,municipality,GT0001,,2017-11-19
,Guatemala-San_Marcos,municipality,GT0001,,2017-11-19
,Guatemala-Ixcan,municipality,GT0001,,2017-11-19
,Guatemala,country,GT0001,479.0,2017-11-19
,Guatemala-Central,municipality,GT0001,205.0,2017-12-03
,Guatemala-Chiquimula,municipality,GT0001,65.0,2017-12-03
,Guatemala-Santa_Rosa,municipality,GT0001,36.0,2017-12-03
,Guatemala-Escuintla,municipality,GT0001,33.0,2017-12-03
,Guatemala-Jutiapa,municipality,GT0001,12.0,2017-12-03
,Guatemala-Quetzaltenango,municipality,GT0001,49.0,2017-12-03
,Guatemala-Zacapa,municipality,GT0001,16.0,2017-12-03
,Guatemala-Quiche,municipality,GT0001,11.0,2017-12-03
,Guatemala-Peten_Norte,municipality,GT0001,2.0,2017-12-03
,Guatemala-Izabal,municipality,GT0001,6.0,2017-12-03
,Guatemala-Sur,municipality,GT0001,16.0,2017-12-03
,Guatemala-Jalapa,municipality,GT0001,5.0,2017-12-03
,Guatemala-Peten_Sur_Oriental,municipality,GT0001,5.0,2017-12-03
,Guatemala-Peten_Sur_Occidental,municipality,GT0001,3.0,2017-12-03
,Guatemala-Baja_Verapaz,municipality,GT0001,3.0,2017-12-03
,Guatemala-Suchitepequez,municipality,GT0001,2.0,2017-12-03
,Guatemala-Retalhuleu,municipality,GT0001,2.0,2017-12-03
,Guatemala-Nor_Occidente,municipality,GT0001,10.0,2017-12-03
,Guatemala-Alta_Verapaz,municipality,GT0001,3.0,2017-12-03
,Guatemala-Huehuetenango,municipality,GT0001,4.0,2017-12-03
,Guatemala-Ixil,municipality,GT0001,1.0,2017-12-03
,Guatemala-Nor_Oriente,municipality,GT0001,2.0,2017-12-03
,Guatemala-El_Progreso,municipality,GT0001,,2017-12-03
,Guatemala-Sacatepequez,municipality,GT0001,,2017-12-03
,Guatemala-Solola,municipality,GT0001,,2017-12-03
,Guatemala-San_Marcos,municipality,GT0001,,2017-12-03
,Guatemala-Ixcan,municipality,GT0001,,2017-12-03
,Guatemala,country,GT0001,491.0,2017-12-03
