report_date;location;climate;temp_max;temp_min;unit_temp;population;population_density;unit_pop_density;latitude_north_borders;longitude_north_borders;latitude_west_borders;longitude_west_borders;latitude_est_borders;longitude_est_borders;latitude_south_borders;longitude_south_borders;location_type;data_field;data_field_code;time_period;time_period_type;value;unit
02/04/2016;Brazil;savanna;31,00;22,00;degrees;207 848 000;24,70;personne/km(2);4.205138; -60.069548;-6.980348; -73.370158;-7.757672; -34.828211;-33.675245; -53.331061;country;zika_reported;BR0011;NA;NA;91387;cases
23/04/2016;Brazil;savanna;31,00;22,00;degrees;207 848 000;24,70;personne/km(2);4.205138; -60.069548;-6.980348; -73.370158;-7.757672; -34.828211;-33.675245; -53.331061;country;zika_reported;BR0011;NA;NA;120161;cases
30/04/2016;Brazil;savanna;31,00;22,00;degrees;207 848 000;24,70;personne/km(2);4.205138; -60.069548;-6.980348; -73.370158;-7.757672; -34.828211;-33.675245; -53.331061;country;zika_reported;BR0011;NA;NA;127822;cases
07/05/2016;Brazil;savanna;31,00;22,00;degrees;207 848 000;24,70;personne/km(2);4.205138; -60.069548;-6.980348; -73.370158;-7.757672; -34.828211;-33.675245; -53.331061;country;zika_reported;BR0011;NA;NA;138108;cases
14/05/2016;Brazil;savanna;31,00;22,00;degrees;207 848 000;24,70;personne/km(2);4.205138; -60.069548;-6.980348; -73.370158;-7.757672; -34.828211;-33.675245; -53.331061;country;zika_reported;BR0011;NA;NA;138108;cases
21/05/2016;Brazil;savanna;31,00;22,00;degrees;207 848 000;24,70;personne/km(2);4.205138; -60.069548;-6.980348; -73.370158;-7.757672; -34.828211;-33.675245; -53.331061;country;zika_reported;BR0011;NA;NA;148905;cases
28/05/2016;Brazil;savanna;31,00;22,00;degrees;207 848 000;24,70;personne/km(2);4.205138; -60.069548;-6.980348; -73.370158;-7.757672; -34.828211;-33.675245; -53.331061;country;zika_reported;BR0011;NA;NA;161241;cases
11/06/2016;Brazil;savanna;31,00;22,00;degrees;207 848 000;24,70;personne/km(2);4.205138; -60.069548;-6.980348; -73.370158;-7.757672; -34.828211;-33.675245; -53.331061;country;zika_reported;BR0011;NA;NA;165932;cases
02/04/2016;Brazil-Acre;savanna;31,00;22,00;degrees;207 848 000;24,70;personne/km(2);4.205138; -60.069548;-6.980348; -73.370158;-7.757672; -34.828211;-33.675245; -53.331061;state;zika_reported;BR0011;NA;NA;375;cases
23/04/2016;Brazil-Acre;savanna;31,00;22,00;degrees;207 848 000;24,70;personne/km(2);4.205138; -60.069548;-6.980348; -73.370158;-7.757672; -34.828211;-33.675245; -53.331061;state;zika_reported;BR0011;NA;NA;716;cases
30/04/2016;Brazil-Acre;savanna;31,00;22,00;degrees;207 848 000;24,70;personne/km(2);4.205138; -60.069548;-6.980348; -73.370158;-7.757672; -34.828211;-33.675245; -53.331061;state;zika_reported;BR0011;NA;NA;732;cases
07/05/2016;Brazil-Acre;savanna;31,00;22,00;degrees;207 848 000;24,70;personne/km(2);4.205138; -60.069548;-6.980348; -73.370158;-7.757672; -34.828211;-33.675245; -53.331061;state;zika_reported;BR0011;NA;NA;823;cases
14/05/2016;Brazil-Acre;savanna;31,00;22,00;degrees;207 848 000;24,70;personne/km(2);4.205138; -60.069548;-6.980348; -73.370158;-7.757672; -34.828211;-33.675245; -53.331061;state;zika_reported;BR0011;NA;NA;823;cases
21/05/2016;Brazil-Acre;savanna;31,00;22,00;degrees;207 848 000;24,70;personne/km(2);4.205138; -60.069548;-6.980348; -73.370158;-7.757672; -34.828211;-33.675245; -53.331061;state;zika_reported;BR0011;NA;NA;923;cases
28/05/2016;Brazil-Acre;savanna;31,00;22,00;degrees;207 848 000;24,70;personne/km(2);4.205138; -60.069548;-6.980348; -73.370158;-7.757672; -34.828211;-33.675245; -53.331061;state;zika_reported;BR0011;NA;NA;843;cases
11/06/2016;Brazil-Acre;savanna;31,00;22,00;degrees;207 848 000;24,70;personne/km(2);4.205138; -60.069548;-6.980348; -73.370158;-7.757672; -34.828211;-33.675245; -53.331061;state;zika_reported;BR0011;NA;NA;846;cases
02/04/2016;Brazil-Alagoas;savanna;31,00;22,00;degrees;207 848 000;24,70;personne/km(2);4.205138; -60.069548;-6.980348; -73.370158;-7.757672; -34.828211;-33.675245; -53.331061;state;zika_reported;BR0011;NA;NA;1479;cases
23/04/2016;Brazil-Alagoas;savanna;31,00;22,00;degrees;207 848 000;24,70;personne/km(2);4.205138; -60.069548;-6.980348; -73.370158;-7.757672; -34.828211;-33.675245; -53.331061;state;zika_reported;BR0011;NA;NA;1906;cases
30/04/2016;Brazil-Alagoas;savanna;31,00;22,00;degrees;207 848 000;24,70;personne/km(2);4.205138; -60.069548;-6.980348; -73.370158;-7.757672; -34.828211;-33.675245; -53.331061;state;zika_reported;BR0011;NA;NA;2206;cases
07/05/2016;Brazil-Alagoas;savanna;31,00;22,00;degrees;207 848 000;24,70;personne/km(2);4.205138; -60.069548;-6.980348; -73.370158;-7.757672; -34.828211;-33.675245; -53.331061;state;zika_reported;BR0011;NA;NA;2458;cases
14/05/2016;Brazil-Alagoas;savanna;31,00;22,00;degrees;207 848 000;24,70;personne/km(2);4.205138; -60.069548;-6.980348; -73.370158;-7.757672; -34.828211;-33.675245; -53.331061;state;zika_reported;BR0011;NA;NA;2458;cases
21/05/2016;Brazil-Alagoas;savanna;31,00;22,00;degrees;207 848 000;24,70;personne/km(2);4.205138; -60.069548;-6.980348; -73.370158;-7.757672; -34.828211;-33.675245; -53.331061;state;zika_reported;BR0011;NA;NA;2812;cases
28/05/2016;Brazil-Alagoas;savanna;31,00;22,00;degrees;207 848 000;24,70;personne/km(2);4.205138; -60.069548;-6.980348; -73.370158;-7.757672; -34.828211;-33.675245; -53.331061;state;zika_reported;BR0011;NA;NA;3577;cases
11/06/2016;Brazil-Alagoas;savanna;31,00;22,00;degrees;207 848 000;24,70;personne/km(2);4.205138; -60.069548;-6.980348; -73.370158;-7.757672; -34.828211;-33.675245; -53.331061;state;zika_reported;BR0011;NA;NA;3847;cases
02/04/2016;Brazil-Amapa;savanna;31,00;22,00;degrees;207 848 000;24,70;personne/km(2);4.205138; -60.069548;-6.980348; -73.370158;-7.757672; -34.828211;-33.675245; -53.331061;state;zika_reported;BR0011;NA;NA;74;cases
23/04/2016;Brazil-Amapa;savanna;31,00;22,00;degrees;207 848 000;24,70;personne/km(2);4.205138; -60.069548;-6.980348; -73.370158;-7.757672; -34.828211;-33.675245; -53.331061;state;zika_reported;BR0011;NA;NA;127;cases
30/04/2016;Brazil-Amapa;savanna;31,00;22,00;degrees;207 848 000;24,70;personne/km(2);4.205138; -60.069548;-6.980348; -73.370158;-7.757672; -34.828211;-33.675245; -53.331061;state;zika_reported;BR0011;NA;NA;122;cases
07/05/2016;Brazil-Amapa;savanna;31,00;22,00;degrees;207 848 000;24,70;personne/km(2);4.205138; -60.069548;-6.980348; -73.370158;-7.757672; -34.828211;-33.675245; -53.331061;state;zika_reported;BR0011;NA;NA;122;cases
14/05/2016;Brazil-Amapa;savanna;31,00;22,00;degrees;207 848 000;24,70;personne/km(2);4.205138; -60.069548;-6.980348; -73.370158;-7.757672; -34.828211;-33.675245; -53.331061;state;zika_reported;BR0011;NA;NA;122;cases
21/05/2016;Brazil-Amapa;savanna;31,00;22,00;degrees;207 848 000;24,70;personne/km(2);4.205138; -60.069548;-6.980348; -73.370158;-7.757672; -34.828211;-33.675245; -53.331061;state;zika_reported;BR0011;NA;NA;162;cases
28/05/2016;Brazil-Amapa;savanna;31,00;22,00;degrees;207 848 000;24,70;personne/km(2);4.205138; -60.069548;-6.980348; -73.370158;-7.757672; -34.828211;-33.675245; -53.331061;state;zika_reported;BR0011;NA;NA;189;cases
11/06/2016;Brazil-Amapa;savanna;31,00;22,00;degrees;207 848 000;24,70;personne/km(2);4.205138; -60.069548;-6.980348; -73.370158;-7.757672; -34.828211;-33.675245; -53.331061;state;zika_reported;BR0011;NA;NA;189;cases
02/04/2016;Brazil-Amazonas;savanna;31,00;22,00;degrees;207 848 000;24,70;personne/km(2);4.205138; -60.069548;-6.980348; -73.370158;-7.757672; -34.828211;-33.675245; -53.331061;state;zika_reported;BR0011;NA;NA;1520;cases
23/04/2016;Brazil-Amazonas;savanna;31,00;22,00;degrees;207 848 000;24,70;personne/km(2);4.205138; -60.069548;-6.980348; -73.370158;-7.757672; -34.828211;-33.675245; -53.331061;state;zika_reported;BR0011;NA;NA;2172;cases
30/04/2016;Brazil-Amazonas;savanna;31,00;22,00;degrees;207 848 000;24,70;personne/km(2);4.205138; -60.069548;-6.980348; -73.370158;-7.757672; -34.828211;-33.675245; -53.331061;state;zika_reported;BR0011;NA;NA;2172;cases
07/05/2016;Brazil-Amazonas;savanna;31,00;22,00;degrees;207 848 000;24,70;personne/km(2);4.205138; -60.069548;-6.980348; -73.370158;-7.757672; -34.828211;-33.675245; -53.331061;state;zika_reported;BR0011;NA;NA;2172;cases
14/05/2016;Brazil-Amazonas;savanna;31,00;22,00;degrees;207 848 000;24,70;personne/km(2);4.205138; -60.069548;-6.980348; -73.370158;-7.757672; -34.828211;-33.675245; -53.331061;state;zika_reported;BR0011;NA;NA;2172;cases
21/05/2016;Brazil-Amazonas;savanna;31,00;22,00;degrees;207 848 000;24,70;personne/km(2);4.205138; -60.069548;-6.980348; -73.370158;-7.757672; -34.828211;-33.675245; -53.331061;state;zika_reported;BR0011;NA;NA;2172;cases
28/05/2016;Brazil-Amazonas;savanna;31,00;22,00;degrees;207 848 000;24,70;personne/km(2);4.205138; -60.069548;-6.980348; -73.370158;-7.757672; -34.828211;-33.675245; -53.331061;state;zika_reported;BR0011;NA;NA;2176;cases
11/06/2016;Brazil-Amazonas;savanna;31,00;22,00;degrees;207 848 000;24,70;personne/km(2);4.205138; -60.069548;-6.980348; -73.370158;-7.757672; -34.828211;-33.675245; -53.331061;state;zika_reported;BR0011;NA;NA;3713;cases
02/04/2016;Brazil-Bahia;savanna;31,00;22,00;degrees;207 848 000;24,70;personne/km(2);4.205138; -60.069548;-6.980348; -73.370158;-7.757672; -34.828211;-33.675245; -53.331061;state;zika_reported;BR0011;NA;NA;25061;cases
23/04/2016;Brazil-Bahia;savanna;31,00;22,00;degrees;207 848 000;24,70;personne/km(2);4.205138; -60.069548;-6.980348; -73.370158;-7.757672; -34.828211;-33.675245; -53.331061;state;zika_reported;BR0011;NA;NA;34507;cases
30/04/2016;Brazil-Bahia;savanna;31,00;22,00;degrees;207 848 000;24,70;personne/km(2);4.205138; -60.069548;-6.980348; -73.370158;-7.757672; -34.828211;-33.675245; -53.331061;state;zika_reported;BR0011;NA;NA;37836;cases
07/05/2016;Brazil-Bahia;savanna;31,00;22,00;degrees;207 848 000;24,70;personne/km(2);4.205138; -60.069548;-6.980348; -73.370158;-7.757672; -34.828211;-33.675245; -53.331061;state;zika_reported;BR0011;NA;NA;40420;cases
14/05/2016;Brazil-Bahia;savanna;31,00;22,00;degrees;207 848 000;24,70;personne/km(2);4.205138; -60.069548;-6.980348; -73.370158;-7.757672; -34.828211;-33.675245; -53.331061;state;zika_reported;BR0011;NA;NA;40420;cases
21/05/2016;Brazil-Bahia;savanna;31,00;22,00;degrees;207 848 000;24,70;personne/km(2);4.205138; -60.069548;-6.980348; -73.370158;-7.757672; -34.828211;-33.675245; -53.331061;state;zika_reported;BR0011;NA;NA;42260;cases
28/05/2016;Brazil-Bahia;savanna;31,00;22,00;degrees;207 848 000;24,70;personne/km(2);4.205138; -60.069548;-6.980348; -73.370158;-7.757672; -34.828211;-33.675245; -53.331061;state;zika_reported;BR0011;NA;NA;45419;cases
11/06/2016;Brazil-Bahia;savanna;31,00;22,00;degrees;207 848 000;24,70;personne/km(2);4.205138; -60.069548;-6.980348; -73.370158;-7.757672; -34.828211;-33.675245; -53.331061;state;zika_reported;BR0011;NA;NA;46427;cases
02/04/2016;Brazil-Ceara;savanna;31,00;22,00;degrees;207 848 000;24,70;personne/km(2);4.205138; -60.069548;-6.980348; -73.370158;-7.757672; -34.828211;-33.675245; -53.331061;state;zika_reported;BR0011;NA;NA;156;cases
23/04/2016;Brazil-Ceara;savanna;31,00;22,00;degrees;207 848 000;24,70;personne/km(2);4.205138; -60.069548;-6.980348; -73.370158;-7.757672; -34.828211;-33.675245; -53.331061;state;zika_reported;BR0011;NA;NA;676;cases
30/04/2016;Brazil-Ceara;savanna;31,00;22,00;degrees;207 848 000;24,70;personne/km(2);4.205138; -60.069548;-6.980348; -73.370158;-7.757672; -34.828211;-33.675245; -53.331061;state;zika_reported;BR0011;NA;NA;832;cases
07/05/2016;Brazil-Ceara;savanna;31,00;22,00;degrees;207 848 000;24,70;personne/km(2);4.205138; -60.069548;-6.980348; -73.370158;-7.757672; -34.828211;-33.675245; -53.331061;state;zika_reported;BR0011;NA;NA;887;cases
14/05/2016;Brazil-Ceara;savanna;31,00;22,00;degrees;207 848 000;24,70;personne/km(2);4.205138; -60.069548;-6.980348; -73.370158;-7.757672; -34.828211;-33.675245; -53.331061;state;zika_reported;BR0011;NA;NA;887;cases
21/05/2016;Brazil-Ceara;savanna;31,00;22,00;degrees;207 848 000;24,70;personne/km(2);4.205138; -60.069548;-6.980348; -73.370158;-7.757672; -34.828211;-33.675245; -53.331061;state;zika_reported;BR0011;NA;NA;1238;cases
28/05/2016;Brazil-Ceara;savanna;31,00;22,00;degrees;207 848 000;24,70;personne/km(2);4.205138; -60.069548;-6.980348; -73.370158;-7.757672; -34.828211;-33.675245; -53.331061;state;zika_reported;BR0011;NA;NA;2144;cases
11/06/2016;Brazil-Ceara;savanna;31,00;22,00;degrees;207 848 000;24,70;personne/km(2);4.205138; -60.069548;-6.980348; -73.370158;-7.757672; -34.828211;-33.675245; -53.331061;state;zika_reported;BR0011;NA;NA;2358;cases
02/04/2016;Brazil-Distrito_Federal;savanna;31,00;22,00;degrees;207 848 000;24,70;personne/km(2);4.205138; -60.069548;-6.980348; -73.370158;-7.757672; -34.828211;-33.675245; -53.331061;state;zika_reported;BR0011;NA;NA;233;cases
23/04/2016;Brazil-Distrito_Federal;savanna;31,00;22,00;degrees;207 848 000;24,70;personne/km(2);4.205138; -60.069548;-6.980348; -73.370158;-7.757672; -34.828211;-33.675245; -53.331061;state;zika_reported;BR0011;NA;NA;276;cases
30/04/2016;Brazil-Distrito_Federal;savanna;31,00;22,00;degrees;207 848 000;24,70;personne/km(2);4.205138; -60.069548;-6.980348; -73.370158;-7.757672; -34.828211;-33.675245; -53.331061;state;zika_reported;BR0011;NA;NA;295;cases
07/05/2016;Brazil-Distrito_Federal;savanna;31,00;22,00;degrees;207 848 000;24,70;personne/km(2);4.205138; -60.069548;-6.980348; -73.370158;-7.757672; -34.828211;-33.675245; -53.331061;state;zika_reported;BR0011;NA;NA;305;cases
14/05/2016;Brazil-Distrito_Federal;savanna;31,00;22,00;degrees;207 848 000;24,70;personne/km(2);4.205138; -60.069548;-6.980348; -73.370158;-7.757672; -34.828211;-33.675245; -53.331061;state;zika_reported;BR0011;NA;NA;305;cases
21/05/2016;Brazil-Distrito_Federal;savanna;31,00;22,00;degrees;207 848 000;24,70;personne/km(2);4.205138; -60.069548;-6.980348; -73.370158;-7.757672; -34.828211;-33.675245; -53.331061;state;zika_reported;BR0011;NA;NA;369;cases
28/05/2016;Brazil-Distrito_Federal;savanna;31,00;22,00;degrees;207 848 000;24,70;personne/km(2);4.205138; -60.069548;-6.980348; -73.370158;-7.757672; -34.828211;-33.675245; -53.331061;state;zika_reported;BR0011;NA;NA;369;cases
11/06/2016;Brazil-Distrito_Federal;savanna;31,00;22,00;degrees;207 848 000;24,70;personne/km(2);4.205138; -60.069548;-6.980348; -73.370158;-7.757672; -34.828211;-33.675245; -53.331061;state;zika_reported;BR0011;NA;NA;367;cases
02/04/2016;Brazil-Espirito_Santo;savanna;31,00;22,00;degrees;207 848 000;24,70;personne/km(2);4.205138; -60.069548;-6.980348; -73.370158;-7.757672; -34.828211;-33.675245; -53.331061;state;zika_reported;BR0011;NA;NA;1382;cases
23/04/2016;Brazil-Espirito_Santo;savanna;31,00;22,00;degrees;207 848 000;24,70;personne/km(2);4.205138; -60.069548;-6.980348; -73.370158;-7.757672; -34.828211;-33.675245; -53.331061;state;zika_reported;BR0011;NA;NA;1790;cases
30/04/2016;Brazil-Espirito_Santo;savanna;31,00;22,00;degrees;207 848 000;24,70;personne/km(2);4.205138; -60.069548;-6.980348; -73.370158;-7.757672; -34.828211;-33.675245; -53.331061;state;zika_reported;BR0011;NA;NA;1900;cases
07/05/2016;Brazil-Espirito_Santo;savanna;31,00;22,00;degrees;207 848 000;24,70;personne/km(2);4.205138; -60.069548;-6.980348; -73.370158;-7.757672; -34.828211;-33.675245; -53.331061;state;zika_reported;BR0011;NA;NA;1918;cases
14/05/2016;Brazil-Espirito_Santo;savanna;31,00;22,00;degrees;207 848 000;24,70;personne/km(2);4.205138; -60.069548;-6.980348; -73.370158;-7.757672; -34.828211;-33.675245; -53.331061;state;zika_reported;BR0011;NA;NA;1918;cases
21/05/2016;Brazil-Espirito_Santo;savanna;31,00;22,00;degrees;207 848 000;24,70;personne/km(2);4.205138; -60.069548;-6.980348; -73.370158;-7.757672; -34.828211;-33.675245; -53.331061;state;zika_reported;BR0011;NA;NA;2080;cases
28/05/2016;Brazil-Espirito_Santo;savanna;31,00;22,00;degrees;207 848 000;24,70;personne/km(2);4.205138; -60.069548;-6.980348; -73.370158;-7.757672; -34.828211;-33.675245; -53.331061;state;zika_reported;BR0011;NA;NA;2150;cases
11/06/2016;Brazil-Espirito_Santo;savanna;31,00;22,00;degrees;207 848 000;24,70;personne/km(2);4.205138; -60.069548;-6.980348; -73.370158;-7.757672; -34.828211;-33.675245; -53.331061;state;zika_reported;BR0011;NA;NA;2166;cases
02/04/2016;Brazil-Goias;savanna;31,00;22,00;degrees;207 848 000;24,70;personne/km(2);4.205138; -60.069548;-6.980348; -73.370158;-7.757672; -34.828211;-33.675245; -53.331061;state;zika_reported;BR0011;NA;NA;920;cases
23/04/2016;Brazil-Goias;savanna;31,00;22,00;degrees;207 848 000;24,70;personne/km(2);4.205138; -60.069548;-6.980348; -73.370158;-7.757672; -34.828211;-33.675245; -53.331061;state;zika_reported;BR0011;NA;NA;1907;cases
30/04/2016;Brazil-Goias;savanna;31,00;22,00;degrees;207 848 000;24,70;personne/km(2);4.205138; -60.069548;-6.980348; -73.370158;-7.757672; -34.828211;-33.675245; -53.331061;state;zika_reported;BR0011;NA;NA;2278;cases
07/05/2016;Brazil-Goias;savanna;31,00;22,00;degrees;207 848 000;24,70;personne/km(2);4.205138; -60.069548;-6.980348; -73.370158;-7.757672; -34.828211;-33.675245; -53.331061;state;zika_reported;BR0011;NA;NA;2604;cases
14/05/2016;Brazil-Goias;savanna;31,00;22,00;degrees;207 848 000;24,70;personne/km(2);4.205138; -60.069548;-6.980348; -73.370158;-7.757672; -34.828211;-33.675245; -53.331061;state;zika_reported;BR0011;NA;NA;2604;cases
21/05/2016;Brazil-Goias;savanna;31,00;22,00;degrees;207 848 000;24,70;personne/km(2);4.205138; -60.069548;-6.980348; -73.370158;-7.757672; -34.828211;-33.675245; -53.331061;state;zika_reported;BR0011;NA;NA;3217;cases
28/05/2016;Brazil-Goias;savanna;31,00;22,00;degrees;207 848 000;24,70;personne/km(2);4.205138; -60.069548;-6.980348; -73.370158;-7.757672; -34.828211;-33.675245; -53.331061;state;zika_reported;BR0011;NA;NA;3954;cases
11/06/2016;Brazil-Goias;savanna;31,00;22,00;degrees;207 848 000;24,70;personne/km(2);4.205138; -60.069548;-6.980348; -73.370158;-7.757672; -34.828211;-33.675245; -53.331061;state;zika_reported;BR0011;NA;NA;4132;cases
02/04/2016;Brazil-Maranhao;savanna;31,00;22,00;degrees;207 848 000;24,70;personne/km(2);4.205138; -60.069548;-6.980348; -73.370158;-7.757672; -34.828211;-33.675245; -53.331061;state;zika_reported;BR0011;NA;NA;1202;cases
23/04/2016;Brazil-Maranhao;savanna;31,00;22,00;degrees;207 848 000;24,70;personne/km(2);4.205138; -60.069548;-6.980348; -73.370158;-7.757672; -34.828211;-33.675245; -53.331061;state;zika_reported;BR0011;NA;NA;1877;cases
30/04/2016;Brazil-Maranhao;savanna;31,00;22,00;degrees;207 848 000;24,70;personne/km(2);4.205138; -60.069548;-6.980348; -73.370158;-7.757672; -34.828211;-33.675245; -53.331061;state;zika_reported;BR0011;NA;NA;1954;cases
07/05/2016;Brazil-Maranhao;savanna;31,00;22,00;degrees;207 848 000;24,70;personne/km(2);4.205138; -60.069548;-6.980348; -73.370158;-7.757672; -34.828211;-33.675245; -53.331061;state;zika_reported;BR0011;NA;NA;2003;cases
14/05/2016;Brazil-Maranhao;savanna;31,00;22,00;degrees;207 848 000;24,70;personne/km(2);4.205138; -60.069548;-6.980348; -73.370158;-7.757672; -34.828211;-33.675245; -53.331061;state;zika_reported;BR0011;NA;NA;2003;cases
21/05/2016;Brazil-Maranhao;savanna;31,00;22,00;degrees;207 848 000;24,70;personne/km(2);4.205138; -60.069548;-6.980348; -73.370158;-7.757672; -34.828211;-33.675245; -53.331061;state;zika_reported;BR0011;NA;NA;2276;cases
28/05/2016;Brazil-Maranhao;savanna;31,00;22,00;degrees;207 848 000;24,70;personne/km(2);4.205138; -60.069548;-6.980348; -73.370158;-7.757672; -34.828211;-33.675245; -53.331061;state;zika_reported;BR0011;NA;NA;2328;cases
11/06/2016;Brazil-Maranhao;savanna;31,00;22,00;degrees;207 848 000;24,70;personne/km(2);4.205138; -60.069548;-6.980348; -73.370158;-7.757672; -34.828211;-33.675245; -53.331061;state;zika_reported;BR0011;NA;NA;2840;cases
02/04/2016;Brazil-Mato_Grosso;savanna;31,00;22,00;degrees;207 848 000;24,70;personne/km(2);4.205138; -60.069548;-6.980348; -73.370158;-7.757672; -34.828211;-33.675245; -53.331061;state;zika_reported;BR0011;NA;NA;16055;cases
23/04/2016;Brazil-Mato_Grosso;savanna;31,00;22,00;degrees;207 848 000;24,70;personne/km(2);4.205138; -60.069548;-6.980348; -73.370158;-7.757672; -34.828211;-33.675245; -53.331061;state;zika_reported;BR0011;NA;NA;17391;cases
30/04/2016;Brazil-Mato_Grosso;savanna;31,00;22,00;degrees;207 848 000;24,70;personne/km(2);4.205138; -60.069548;-6.980348; -73.370158;-7.757672; -34.828211;-33.675245; -53.331061;state;zika_reported;BR0011;NA;NA;18227;cases
07/05/2016;Brazil-Mato_Grosso;savanna;31,00;22,00;degrees;207 848 000;24,70;personne/km(2);4.205138; -60.069548;-6.980348; -73.370158;-7.757672; -34.828211;-33.675245; -53.331061;state;zika_reported;BR0011;NA;NA;18226;cases
14/05/2016;Brazil-Mato_Grosso;savanna;31,00;22,00;degrees;207 848 000;24,70;personne/km(2);4.205138; -60.069548;-6.980348; -73.370158;-7.757672; -34.828211;-33.675245; -53.331061;state;zika_reported;BR0011;NA;NA;18226;cases
21/05/2016;Brazil-Mato_Grosso;savanna;31,00;22,00;degrees;207 848 000;24,70;personne/km(2);4.205138; -60.069548;-6.980348; -73.370158;-7.757672; -34.828211;-33.675245; -53.331061;state;zika_reported;BR0011;NA;NA;18226;cases
28/05/2016;Brazil-Mato_Grosso;savanna;31,00;22,00;degrees;207 848 000;24,70;personne/km(2);4.205138; -60.069548;-6.980348; -73.370158;-7.757672; -34.828211;-33.675245; -53.331061;state;zika_reported;BR0011;NA;NA;19662;cases
11/06/2016;Brazil-Mato_Grosso;savanna;31,00;22,00;degrees;207 848 000;24,70;personne/km(2);4.205138; -60.069548;-6.980348; -73.370158;-7.757672; -34.828211;-33.675245; -53.331061;state;zika_reported;BR0011;NA;NA;19985;cases
02/04/2016;Brazil-Mato_Grosso_do_Sul;savanna;31,00;22,00;degrees;207 848 000;24,70;personne/km(2);4.205138; -60.069548;-6.980348; -73.370158;-7.757672; -34.828211;-33.675245; -53.331061;state;zika_reported;BR0011;NA;NA;296;cases
23/04/2016;Brazil-Mato_Grosso_do_Sul;savanna;31,00;22,00;degrees;207 848 000;24,70;personne/km(2);4.205138; -60.069548;-6.980348; -73.370158;-7.757672; -34.828211;-33.675245; -53.331061;state;zika_reported;BR0011;NA;NA;527;cases
30/04/2016;Brazil-Mato_Grosso_do_Sul;savanna;31,00;22,00;degrees;207 848 000;24,70;personne/km(2);4.205138; -60.069548;-6.980348; -73.370158;-7.757672; -34.828211;-33.675245; -53.331061;state;zika_reported;BR0011;NA;NA;564;cases
07/05/2016;Brazil-Mato_Grosso_do_Sul;savanna;31,00;22,00;degrees;207 848 000;24,70;personne/km(2);4.205138; -60.069548;-6.980348; -73.370158;-7.757672; -34.828211;-33.675245; -53.331061;state;zika_reported;BR0011;NA;NA;621;cases
14/05/2016;Brazil-Mato_Grosso_do_Sul;savanna;31,00;22,00;degrees;207 848 000;24,70;personne/km(2);4.205138; -60.069548;-6.980348; -73.370158;-7.757672; -34.828211;-33.675245; -53.331061;state;zika_reported;BR0011;NA;NA;621;cases
21/05/2016;Brazil-Mato_Grosso_do_Sul;savanna;31,00;22,00;degrees;207 848 000;24,70;personne/km(2);4.205138; -60.069548;-6.980348; -73.370158;-7.757672; -34.828211;-33.675245; -53.331061;state;zika_reported;BR0011;NA;NA;696;cases
28/05/2016;Brazil-Mato_Grosso_do_Sul;savanna;31,00;22,00;degrees;207 848 000;24,70;personne/km(2);4.205138; -60.069548;-6.980348; -73.370158;-7.757672; -34.828211;-33.675245; -53.331061;state;zika_reported;BR0011;NA;NA;698;cases
11/06/2016;Brazil-Mato_Grosso_do_Sul;savanna;31,00;22,00;degrees;207 848 000;24,70;personne/km(2);4.205138; -60.069548;-6.980348; -73.370158;-7.757672; -34.828211;-33.675245; -53.331061;state;zika_reported;BR0011;NA;NA;762;cases
02/04/2016;Brazil-Minas_Gerais;savanna;31,00;22,00;degrees;207 848 000;24,70;personne/km(2);4.205138; -60.069548;-6.980348; -73.370158;-7.757672; -34.828211;-33.675245; -53.331061;state;zika_reported;BR0011;NA;NA;6693;cases
23/04/2016;Brazil-Minas_Gerais;savanna;31,00;22,00;degrees;207 848 000;24,70;personne/km(2);4.205138; -60.069548;-6.980348; -73.370158;-7.757672; -34.828211;-33.675245; -53.331061;state;zika_reported;BR0011;NA;NA;9669;cases
30/04/2016;Brazil-Minas_Gerais;savanna;31,00;22,00;degrees;207 848 000;24,70;personne/km(2);4.205138; -60.069548;-6.980348; -73.370158;-7.757672; -34.828211;-33.675245; -53.331061;state;zika_reported;BR0011;NA;NA;10553;cases
07/05/2016;Brazil-Minas_Gerais;savanna;31,00;22,00;degrees;207 848 000;24,70;personne/km(2);4.205138; -60.069548;-6.980348; -73.370158;-7.757672; -34.828211;-33.675245; -53.331061;state;zika_reported;BR0011;NA;NA;11237;cases
14/05/2016;Brazil-Minas_Gerais;savanna;31,00;22,00;degrees;207 848 000;24,70;personne/km(2);4.205138; -60.069548;-6.980348; -73.370158;-7.757672; -34.828211;-33.675245; -53.331061;state;zika_reported;BR0011;NA;NA;11237;cases
21/05/2016;Brazil-Minas_Gerais;savanna;31,00;22,00;degrees;207 848 000;24,70;personne/km(2);4.205138; -60.069548;-6.980348; -73.370158;-7.757672; -34.828211;-33.675245; -53.331061;state;zika_reported;BR0011;NA;NA;11670;cases
28/05/2016;Brazil-Minas_Gerais;savanna;31,00;22,00;degrees;207 848 000;24,70;personne/km(2);4.205138; -60.069548;-6.980348; -73.370158;-7.757672; -34.828211;-33.675245; -53.331061;state;zika_reported;BR0011;NA;NA;12449;cases
11/06/2016;Brazil-Minas_Gerais;savanna;31,00;22,00;degrees;207 848 000;24,70;personne/km(2);4.205138; -60.069548;-6.980348; -73.370158;-7.757672; -34.828211;-33.675245; -53.331061;state;zika_reported;BR0011;NA;NA;12891;cases
02/04/2016;Brazil-Para;savanna;31,00;22,00;degrees;207 848 000;24,70;personne/km(2);4.205138; -60.069548;-6.980348; -73.370158;-7.757672; -34.828211;-33.675245; -53.331061;state;zika_reported;BR0011;NA;NA;771;cases
23/04/2016;Brazil-Para;savanna;31,00;22,00;degrees;207 848 000;24,70;personne/km(2);4.205138; -60.069548;-6.980348; -73.370158;-7.757672; -34.828211;-33.675245; -53.331061;state;zika_reported;BR0011;NA;NA;1079;cases
30/04/2016;Brazil-Para;savanna;31,00;22,00;degrees;207 848 000;24,70;personne/km(2);4.205138; -60.069548;-6.980348; -73.370158;-7.757672; -34.828211;-33.675245; -53.331061;state;zika_reported;BR0011;NA;NA;1249;cases
07/05/2016;Brazil-Para;savanna;31,00;22,00;degrees;207 848 000;24,70;personne/km(2);4.205138; -60.069548;-6.980348; -73.370158;-7.757672; -34.828211;-33.675245; -53.331061;state;zika_reported;BR0011;NA;NA;1362;cases
14/05/2016;Brazil-Para;savanna;31,00;22,00;degrees;207 848 000;24,70;personne/km(2);4.205138; -60.069548;-6.980348; -73.370158;-7.757672; -34.828211;-33.675245; -53.331061;state;zika_reported;BR0011;NA;NA;1362;cases
21/05/2016;Brazil-Para;savanna;31,00;22,00;degrees;207 848 000;24,70;personne/km(2);4.205138; -60.069548;-6.980348; -73.370158;-7.757672; -34.828211;-33.675245; -53.331061;state;zika_reported;BR0011;NA;NA;1583;cases
28/05/2016;Brazil-Para;savanna;31,00;22,00;degrees;207 848 000;24,70;personne/km(2);4.205138; -60.069548;-6.980348; -73.370158;-7.757672; -34.828211;-33.675245; -53.331061;state;zika_reported;BR0011;NA;NA;2032;cases
11/06/2016;Brazil-Para;savanna;31,00;22,00;degrees;207 848 000;24,70;personne/km(2);4.205138; -60.069548;-6.980348; -73.370158;-7.757672; -34.828211;-33.675245; -53.331061;state;zika_reported;BR0011;NA;NA;2121;cases
02/04/2016;Brazil-Paraiba;savanna;31,00;22,00;degrees;207 848 000;24,70;personne/km(2);4.205138; -60.069548;-6.980348; -73.370158;-7.757672; -34.828211;-33.675245; -53.331061;state;zika_reported;BR0011;NA;NA;1060;cases
23/04/2016;Brazil-Paraiba;savanna;31,00;22,00;degrees;207 848 000;24,70;personne/km(2);4.205138; -60.069548;-6.980348; -73.370158;-7.757672; -34.828211;-33.675245; -53.331061;state;zika_reported;BR0011;NA;NA;1745;cases
30/04/2016;Brazil-Paraiba;savanna;31,00;22,00;degrees;207 848 000;24,70;personne/km(2);4.205138; -60.069548;-6.980348; -73.370158;-7.757672; -34.828211;-33.675245; -53.331061;state;zika_reported;BR0011;NA;NA;2275;cases
07/05/2016;Brazil-Paraiba;savanna;31,00;22,00;degrees;207 848 000;24,70;personne/km(2);4.205138; -60.069548;-6.980348; -73.370158;-7.757672; -34.828211;-33.675245; -53.331061;state;zika_reported;BR0011;NA;NA;2452;cases
14/05/2016;Brazil-Paraiba;savanna;31,00;22,00;degrees;207 848 000;24,70;personne/km(2);4.205138; -60.069548;-6.980348; -73.370158;-7.757672; -34.828211;-33.675245; -53.331061;state;zika_reported;BR0011;NA;NA;2452;cases
21/05/2016;Brazil-Paraiba;savanna;31,00;22,00;degrees;207 848 000;24,70;personne/km(2);4.205138; -60.069548;-6.980348; -73.370158;-7.757672; -34.828211;-33.675245; -53.331061;state;zika_reported;BR0011;NA;NA;2648;cases
28/05/2016;Brazil-Paraiba;savanna;31,00;22,00;degrees;207 848 000;24,70;personne/km(2);4.205138; -60.069548;-6.980348; -73.370158;-7.757672; -34.828211;-33.675245; -53.331061;state;zika_reported;BR0011;NA;NA;2865;cases
11/06/2016;Brazil-Paraiba;savanna;31,00;22,00;degrees;207 848 000;24,70;personne/km(2);4.205138; -60.069548;-6.980348; -73.370158;-7.757672; -34.828211;-33.675245; -53.331061;state;zika_reported;BR0011;NA;NA;2889;cases
02/04/2016;Brazil-Parana;savanna;31,00;22,00;degrees;207 848 000;24,70;personne/km(2);4.205138; -60.069548;-6.980348; -73.370158;-7.757672; -34.828211;-33.675245; -53.331061;state;zika_reported;BR0011;NA;NA;1540;cases
23/04/2016;Brazil-Parana;savanna;31,00;22,00;degrees;207 848 000;24,70;personne/km(2);4.205138; -60.069548;-6.980348; -73.370158;-7.757672; -34.828211;-33.675245; -53.331061;state;zika_reported;BR0011;NA;NA;1847;cases
30/04/2016;Brazil-Parana;savanna;31,00;22,00;degrees;207 848 000;24,70;personne/km(2);4.205138; -60.069548;-6.980348; -73.370158;-7.757672; -34.828211;-33.675245; -53.331061;state;zika_reported;BR0011;NA;NA;1965;cases
07/05/2016;Brazil-Parana;savanna;31,00;22,00;degrees;207 848 000;24,70;personne/km(2);4.205138; -60.069548;-6.980348; -73.370158;-7.757672; -34.828211;-33.675245; -53.331061;state;zika_reported;BR0011;NA;NA;2025;cases
14/05/2016;Brazil-Parana;savanna;31,00;22,00;degrees;207 848 000;24,70;personne/km(2);4.205138; -60.069548;-6.980348; -73.370158;-7.757672; -34.828211;-33.675245; -53.331061;state;zika_reported;BR0011;NA;NA;2025;cases
21/05/2016;Brazil-Parana;savanna;31,00;22,00;degrees;207 848 000;24,70;personne/km(2);4.205138; -60.069548;-6.980348; -73.370158;-7.757672; -34.828211;-33.675245; -53.331061;state;zika_reported;BR0011;NA;NA;2045;cases
28/05/2016;Brazil-Parana;savanna;31,00;22,00;degrees;207 848 000;24,70;personne/km(2);4.205138; -60.069548;-6.980348; -73.370158;-7.757672; -34.828211;-33.675245; -53.331061;state;zika_reported;BR0011;NA;NA;2001;cases
11/06/2016;Brazil-Parana;savanna;31,00;22,00;degrees;207 848 000;24,70;personne/km(2);4.205138; -60.069548;-6.980348; -73.370158;-7.757672; -34.828211;-33.675245; -53.331061;state;zika_reported;BR0011;NA;NA;1935;cases
02/04/2016;Brazil-Pernambuco;savanna;31,00;22,00;degrees;207 848 000;24,70;personne/km(2);4.205138; -60.069548;-6.980348; -73.370158;-7.757672; -34.828211;-33.675245; -53.331061;state;zika_reported;BR0011;NA;NA;333;cases
23/04/2016;Brazil-Pernambuco;savanna;31,00;22,00;degrees;207 848 000;24,70;personne/km(2);4.205138; -60.069548;-6.980348; -73.370158;-7.757672; -34.828211;-33.675245; -53.331061;state;zika_reported;BR0011;NA;NA;367;cases
30/04/2016;Brazil-Pernambuco;savanna;31,00;22,00;degrees;207 848 000;24,70;personne/km(2);4.205138; -60.069548;-6.980348; -73.370158;-7.757672; -34.828211;-33.675245; -53.331061;state;zika_reported;BR0011;NA;NA;450;cases
07/05/2016;Brazil-Pernambuco;savanna;31,00;22,00;degrees;207 848 000;24,70;personne/km(2);4.205138; -60.069548;-6.980348; -73.370158;-7.757672; -34.828211;-33.675245; -53.331061;state;zika_reported;BR0011;NA;NA;496;cases
14/05/2016;Brazil-Pernambuco;savanna;31,00;22,00;degrees;207 848 000;24,70;personne/km(2);4.205138; -60.069548;-6.980348; -73.370158;-7.757672; -34.828211;-33.675245; -53.331061;state;zika_reported;BR0011;NA;NA;496;cases
21/05/2016;Brazil-Pernambuco;savanna;31,00;22,00;degrees;207 848 000;24,70;personne/km(2);4.205138; -60.069548;-6.980348; -73.370158;-7.757672; -34.828211;-33.675245; -53.331061;state;zika_reported;BR0011;NA;NA;496;cases
28/05/2016;Brazil-Pernambuco;savanna;31,00;22,00;degrees;207 848 000;24,70;personne/km(2);4.205138; -60.069548;-6.980348; -73.370158;-7.757672; -34.828211;-33.675245; -53.331061;state;zika_reported;BR0011;NA;NA;393;cases
11/06/2016;Brazil-Pernambuco;savanna;31,00;22,00;degrees;207 848 000;24,70;personne/km(2);4.205138; -60.069548;-6.980348; -73.370158;-7.757672; -34.828211;-33.675245; -53.331061;state;zika_reported;BR0011;NA;NA;394;cases
02/04/2016;Brazil-Piaui;savanna;31,00;22,00;degrees;207 848 000;24,70;personne/km(2);4.205138; -60.069548;-6.980348; -73.370158;-7.757672; -34.828211;-33.675245; -53.331061;state;zika_reported;BR0011;NA;NA;7;cases
23/04/2016;Brazil-Piaui;savanna;31,00;22,00;degrees;207 848 000;24,70;personne/km(2);4.205138; -60.069548;-6.980348; -73.370158;-7.757672; -34.828211;-33.675245; -53.331061;state;zika_reported;BR0011;NA;NA;75;cases
30/04/2016;Brazil-Piaui;savanna;31,00;22,00;degrees;207 848 000;24,70;personne/km(2);4.205138; -60.069548;-6.980348; -73.370158;-7.757672; -34.828211;-33.675245; -53.331061;state;zika_reported;BR0011;NA;NA;82;cases
07/05/2016;Brazil-Piaui;savanna;31,00;22,00;degrees;207 848 000;24,70;personne/km(2);4.205138; -60.069548;-6.980348; -73.370158;-7.757672; -34.828211;-33.675245; -53.331061;state;zika_reported;BR0011;NA;NA;95;cases
14/05/2016;Brazil-Piaui;savanna;31,00;22,00;degrees;207 848 000;24,70;personne/km(2);4.205138; -60.069548;-6.980348; -73.370158;-7.757672; -34.828211;-33.675245; -53.331061;state;zika_reported;BR0011;NA;NA;95;cases
21/05/2016;Brazil-Piaui;savanna;31,00;22,00;degrees;207 848 000;24,70;personne/km(2);4.205138; -60.069548;-6.980348; -73.370158;-7.757672; -34.828211;-33.675245; -53.331061;state;zika_reported;BR0011;NA;NA;148;cases
28/05/2016;Brazil-Piaui;savanna;31,00;22,00;degrees;207 848 000;24,70;personne/km(2);4.205138; -60.069548;-6.980348; -73.370158;-7.757672; -34.828211;-33.675245; -53.331061;state;zika_reported;BR0011;NA;NA;217;cases
11/06/2016;Brazil-Piaui;savanna;31,00;22,00;degrees;207 848 000;24,70;personne/km(2);4.205138; -60.069548;-6.980348; -73.370158;-7.757672; -34.828211;-33.675245; -53.331061;state;zika_reported;BR0011;NA;NA;241;cases
02/04/2016;Brazil-Rio_de_Janeiro;savanna;31,00;22,00;degrees;207 848 000;24,70;personne/km(2);4.205138; -60.069548;-6.980348; -73.370158;-7.757672; -34.828211;-33.675245; -53.331061;state;zika_reported;BR0011;NA;NA;25930;cases
23/04/2016;Brazil-Rio_de_Janeiro;savanna;31,00;22,00;degrees;207 848 000;24,70;personne/km(2);4.205138; -60.069548;-6.980348; -73.370158;-7.757672; -34.828211;-33.675245; -53.331061;state;zika_reported;BR0011;NA;NA;32312;cases
30/04/2016;Brazil-Rio_de_Janeiro;savanna;31,00;22,00;degrees;207 848 000;24,70;personne/km(2);4.205138; -60.069548;-6.980348; -73.370158;-7.757672; -34.828211;-33.675245; -53.331061;state;zika_reported;BR0011;NA;NA;32312;cases
07/05/2016;Brazil-Rio_de_Janeiro;savanna;31,00;22,00;degrees;207 848 000;24,70;personne/km(2);4.205138; -60.069548;-6.980348; -73.370158;-7.757672; -34.828211;-33.675245; -53.331061;state;zika_reported;BR0011;NA;NA;38196;cases
14/05/2016;Brazil-Rio_de_Janeiro;savanna;31,00;22,00;degrees;207 848 000;24,70;personne/km(2);4.205138; -60.069548;-6.980348; -73.370158;-7.757672; -34.828211;-33.675245; -53.331061;state;zika_reported;BR0011;NA;NA;38196;cases
21/05/2016;Brazil-Rio_de_Janeiro;savanna;31,00;22,00;degrees;207 848 000;24,70;personne/km(2);4.205138; -60.069548;-6.980348; -73.370158;-7.757672; -34.828211;-33.675245; -53.331061;state;zika_reported;BR0011;NA;NA;43516;cases
28/05/2016;Brazil-Rio_de_Janeiro;savanna;31,00;22,00;degrees;207 848 000;24,70;personne/km(2);4.205138; -60.069548;-6.980348; -73.370158;-7.757672; -34.828211;-33.675245; -53.331061;state;zika_reported;BR0011;NA;NA;46027;cases
11/06/2016;Brazil-Rio_de_Janeiro;savanna;31,00;22,00;degrees;207 848 000;24,70;personne/km(2);4.205138; -60.069548;-6.980348; -73.370158;-7.757672; -34.828211;-33.675245; -53.331061;state;zika_reported;BR0011;NA;NA;46027;cases
02/04/2016;Brazil-Rio_Grande_do_Norte;savanna;31,00;22,00;degrees;207 848 000;24,70;personne/km(2);4.205138; -60.069548;-6.980348; -73.370158;-7.757672; -34.828211;-33.675245; -53.331061;state;zika_reported;BR0011;NA;NA;640;cases
23/04/2016;Brazil-Rio_Grande_do_Norte;savanna;31,00;22,00;degrees;207 848 000;24,70;personne/km(2);4.205138; -60.069548;-6.980348; -73.370158;-7.757672; -34.828211;-33.675245; -53.331061;state;zika_reported;BR0011;NA;NA;1443;cases
30/04/2016;Brazil-Rio_Grande_do_Norte;savanna;31,00;22,00;degrees;207 848 000;24,70;personne/km(2);4.205138; -60.069548;-6.980348; -73.370158;-7.757672; -34.828211;-33.675245; -53.331061;state;zika_reported;BR0011;NA;NA;1647;cases
07/05/2016;Brazil-Rio_Grande_do_Norte;savanna;31,00;22,00;degrees;207 848 000;24,70;personne/km(2);4.205138; -60.069548;-6.980348; -73.370158;-7.757672; -34.828211;-33.675245; -53.331061;state;zika_reported;BR0011;NA;NA;1757;cases
14/05/2016;Brazil-Rio_Grande_do_Norte;savanna;31,00;22,00;degrees;207 848 000;24,70;personne/km(2);4.205138; -60.069548;-6.980348; -73.370158;-7.757672; -34.828211;-33.675245; -53.331061;state;zika_reported;BR0011;NA;NA;1757;cases
21/05/2016;Brazil-Rio_Grande_do_Norte;savanna;31,00;22,00;degrees;207 848 000;24,70;personne/km(2);4.205138; -60.069548;-6.980348; -73.370158;-7.757672; -34.828211;-33.675245; -53.331061;state;zika_reported;BR0011;NA;NA;1788;cases
28/05/2016;Brazil-Rio_Grande_do_Norte;savanna;31,00;22,00;degrees;207 848 000;24,70;personne/km(2);4.205138; -60.069548;-6.980348; -73.370158;-7.757672; -34.828211;-33.675245; -53.331061;state;zika_reported;BR0011;NA;NA;2312;cases
11/06/2016;Brazil-Rio_Grande_do_Norte;savanna;31,00;22,00;degrees;207 848 000;24,70;personne/km(2);4.205138; -60.069548;-6.980348; -73.370158;-7.757672; -34.828211;-33.675245; -53.331061;state;zika_reported;BR0011;NA;NA;2342;cases
02/04/2016;Brazil-Rio_Grande_do_Sul;savanna;31,00;22,00;degrees;207 848 000;24,70;personne/km(2);4.205138; -60.069548;-6.980348; -73.370158;-7.757672; -34.828211;-33.675245; -53.331061;state;zika_reported;BR0011;NA;NA;195;cases
23/04/2016;Brazil-Rio_Grande_do_Sul;savanna;31,00;22,00;degrees;207 848 000;24,70;personne/km(2);4.205138; -60.069548;-6.980348; -73.370158;-7.757672; -34.828211;-33.675245; -53.331061;state;zika_reported;BR0011;NA;NA;264;cases
30/04/2016;Brazil-Rio_Grande_do_Sul;savanna;31,00;22,00;degrees;207 848 000;24,70;personne/km(2);4.205138; -60.069548;-6.980348; -73.370158;-7.757672; -34.828211;-33.675245; -53.331061;state;zika_reported;BR0011;NA;NA;287;cases
07/05/2016;Brazil-Rio_Grande_do_Sul;savanna;31,00;22,00;degrees;207 848 000;24,70;personne/km(2);4.205138; -60.069548;-6.980348; -73.370158;-7.757672; -34.828211;-33.675245; -53.331061;state;zika_reported;BR0011;NA;NA;311;cases
14/05/2016;Brazil-Rio_Grande_do_Sul;savanna;31,00;22,00;degrees;207 848 000;24,70;personne/km(2);4.205138; -60.069548;-6.980348; -73.370158;-7.757672; -34.828211;-33.675245; -53.331061;state;zika_reported;BR0011;NA;NA;311;cases
21/05/2016;Brazil-Rio_Grande_do_Sul;savanna;31,00;22,00;degrees;207 848 000;24,70;personne/km(2);4.205138; -60.069548;-6.980348; -73.370158;-7.757672; -34.828211;-33.675245; -53.331061;state;zika_reported;BR0011;NA;NA;344;cases
28/05/2016;Brazil-Rio_Grande_do_Sul;savanna;31,00;22,00;degrees;207 848 000;24,70;personne/km(2);4.205138; -60.069548;-6.980348; -73.370158;-7.757672; -34.828211;-33.675245; -53.331061;state;zika_reported;BR0011;NA;NA;363;cases
11/06/2016;Brazil-Rio_Grande_do_Sul;savanna;31,00;22,00;degrees;207 848 000;24,70;personne/km(2);4.205138; -60.069548;-6.980348; -73.370158;-7.757672; -34.828211;-33.675245; -53.331061;state;zika_reported;BR0011;NA;NA;360;cases
02/04/2016;Brazil-Rondonia;savanna;31,00;22,00;degrees;207 848 000;24,70;personne/km(2);4.205138; -60.069548;-6.980348; -73.370158;-7.757672; -34.828211;-33.675245; -53.331061;state;zika_reported;BR0011;NA;NA;618;cases
23/04/2016;Brazil-Rondonia;savanna;31,00;22,00;degrees;207 848 000;24,70;personne/km(2);4.205138; -60.069548;-6.980348; -73.370158;-7.757672; -34.828211;-33.675245; -53.331061;state;zika_reported;BR0011;NA;NA;783;cases
30/04/2016;Brazil-Rondonia;savanna;31,00;22,00;degrees;207 848 000;24,70;personne/km(2);4.205138; -60.069548;-6.980348; -73.370158;-7.757672; -34.828211;-33.675245; -53.331061;state;zika_reported;BR0011;NA;NA;783;cases
07/05/2016;Brazil-Rondonia;savanna;31,00;22,00;degrees;207 848 000;24,70;personne/km(2);4.205138; -60.069548;-6.980348; -73.370158;-7.757672; -34.828211;-33.675245; -53.331061;state;zika_reported;BR0011;NA;NA;960;cases
14/05/2016;Brazil-Rondonia;savanna;31,00;22,00;degrees;207 848 000;24,70;personne/km(2);4.205138; -60.069548;-6.980348; -73.370158;-7.757672; -34.828211;-33.675245; -53.331061;state;zika_reported;BR0011;NA;NA;960;cases
21/05/2016;Brazil-Rondonia;savanna;31,00;22,00;degrees;207 848 000;24,70;personne/km(2);4.205138; -60.069548;-6.980348; -73.370158;-7.757672; -34.828211;-33.675245; -53.331061;state;zika_reported;BR0011;NA;NA;974;cases
28/05/2016;Brazil-Rondonia;savanna;31,00;22,00;degrees;207 848 000;24,70;personne/km(2);4.205138; -60.069548;-6.980348; -73.370158;-7.757672; -34.828211;-33.675245; -53.331061;state;zika_reported;BR0011;NA;NA;1032;cases
11/06/2016;Brazil-Rondonia;savanna;31,00;22,00;degrees;207 848 000;24,70;personne/km(2);4.205138; -60.069548;-6.980348; -73.370158;-7.757672; -34.828211;-33.675245; -53.331061;state;zika_reported;BR0011;NA;NA;898;cases
02/04/2016;Brazil-Roraima;savanna;31,00;22,00;degrees;207 848 000;24,70;personne/km(2);4.205138; -60.069548;-6.980348; -73.370158;-7.757672; -34.828211;-33.675245; -53.331061;state;zika_reported;BR0011;NA;NA;44;cases
23/04/2016;Brazil-Roraima;savanna;31,00;22,00;degrees;207 848 000;24,70;personne/km(2);4.205138; -60.069548;-6.980348; -73.370158;-7.757672; -34.828211;-33.675245; -53.331061;state;zika_reported;BR0011;NA;NA;56;cases
30/04/2016;Brazil-Roraima;savanna;31,00;22,00;degrees;207 848 000;24,70;personne/km(2);4.205138; -60.069548;-6.980348; -73.370158;-7.757672; -34.828211;-33.675245; -53.331061;state;zika_reported;BR0011;NA;NA;57;cases
07/05/2016;Brazil-Roraima;savanna;31,00;22,00;degrees;207 848 000;24,70;personne/km(2);4.205138; -60.069548;-6.980348; -73.370158;-7.757672; -34.828211;-33.675245; -53.331061;state;zika_reported;BR0011;NA;NA;79;cases
14/05/2016;Brazil-Roraima;savanna;31,00;22,00;degrees;207 848 000;24,70;personne/km(2);4.205138; -60.069548;-6.980348; -73.370158;-7.757672; -34.828211;-33.675245; -53.331061;state;zika_reported;BR0011;NA;NA;79;cases
21/05/2016;Brazil-Roraima;savanna;31,00;22,00;degrees;207 848 000;24,70;personne/km(2);4.205138; -60.069548;-6.980348; -73.370158;-7.757672; -34.828211;-33.675245; -53.331061;state;zika_reported;BR0011;NA;NA;83;cases
28/05/2016;Brazil-Roraima;savanna;31,00;22,00;degrees;207 848 000;24,70;personne/km(2);4.205138; -60.069548;-6.980348; -73.370158;-7.757672; -34.828211;-33.675245; -53.331061;state;zika_reported;BR0011;NA;NA;83;cases
11/06/2016;Brazil-Roraima;savanna;31,00;22,00;degrees;207 848 000;24,70;personne/km(2);4.205138; -60.069548;-6.980348; -73.370158;-7.757672; -34.828211;-33.675245; -53.331061;state;zika_reported;BR0011;NA;NA;83;cases
02/04/2016;Brazil-Santa_Catarina;savanna;31,00;22,00;degrees;207 848 000;24,70;personne/km(2);4.205138; -60.069548;-6.980348; -73.370158;-7.757672; -34.828211;-33.675245; -53.331061;state;zika_reported;BR0011;NA;NA;62;cases
23/04/2016;Brazil-Santa_Catarina;savanna;31,00;22,00;degrees;207 848 000;24,70;personne/km(2);4.205138; -60.069548;-6.980348; -73.370158;-7.757672; -34.828211;-33.675245; -53.331061;state;zika_reported;BR0011;NA;NA;86;cases
30/04/2016;Brazil-Santa_Catarina;savanna;31,00;22,00;degrees;207 848 000;24,70;personne/km(2);4.205138; -60.069548;-6.980348; -73.370158;-7.757672; -34.828211;-33.675245; -53.331061;state;zika_reported;BR0011;NA;NA;91;cases
07/05/2016;Brazil-Santa_Catarina;savanna;31,00;22,00;degrees;207 848 000;24,70;personne/km(2);4.205138; -60.069548;-6.980348; -73.370158;-7.757672; -34.828211;-33.675245; -53.331061;state;zika_reported;BR0011;NA;NA;95;cases
14/05/2016;Brazil-Santa_Catarina;savanna;31,00;22,00;degrees;207 848 000;24,70;personne/km(2);4.205138; -60.069548;-6.980348; -73.370158;-7.757672; -34.828211;-33.675245; -53.331061;state;zika_reported;BR0011;NA;NA;95;cases
21/05/2016;Brazil-Santa_Catarina;savanna;31,00;22,00;degrees;207 848 000;24,70;personne/km(2);4.205138; -60.069548;-6.980348; -73.370158;-7.757672; -34.828211;-33.675245; -53.331061;state;zika_reported;BR0011;NA;NA;102;cases
28/05/2016;Brazil-Santa_Catarina;savanna;31,00;22,00;degrees;207 848 000;24,70;personne/km(2);4.205138; -60.069548;-6.980348; -73.370158;-7.757672; -34.828211;-33.675245; -53.331061;state;zika_reported;BR0011;NA;NA;99;cases
11/06/2016;Brazil-Santa_Catarina;savanna;31,00;22,00;degrees;207 848 000;24,70;personne/km(2);4.205138; -60.069548;-6.980348; -73.370158;-7.757672; -34.828211;-33.675245; -53.331061;state;zika_reported;BR0011;NA;NA;97;cases
02/04/2016;Brazil-Sao_Paulo;savanna;31,00;22,00;degrees;207 848 000;24,70;personne/km(2);4.205138; -60.069548;-6.980348; -73.370158;-7.757672; -34.828211;-33.675245; -53.331061;state;zika_reported;BR0011;NA;NA;1500;cases
23/04/2016;Brazil-Sao_Paulo;savanna;31,00;22,00;degrees;207 848 000;24,70;personne/km(2);4.205138; -60.069548;-6.980348; -73.370158;-7.757672; -34.828211;-33.675245; -53.331061;state;zika_reported;BR0011;NA;NA;2547;cases
30/04/2016;Brazil-Sao_Paulo;savanna;31,00;22,00;degrees;207 848 000;24,70;personne/km(2);4.205138; -60.069548;-6.980348; -73.370158;-7.757672; -34.828211;-33.675245; -53.331061;state;zika_reported;BR0011;NA;NA;3262;cases
07/05/2016;Brazil-Sao_Paulo;savanna;31,00;22,00;degrees;207 848 000;24,70;personne/km(2);4.205138; -60.069548;-6.980348; -73.370158;-7.757672; -34.828211;-33.675245; -53.331061;state;zika_reported;BR0011;NA;NA;3452;cases
14/05/2016;Brazil-Sao_Paulo;savanna;31,00;22,00;degrees;207 848 000;24,70;personne/km(2);4.205138; -60.069548;-6.980348; -73.370158;-7.757672; -34.828211;-33.675245; -53.331061;state;zika_reported;BR0011;NA;NA;3452;cases
21/05/2016;Brazil-Sao_Paulo;savanna;31,00;22,00;degrees;207 848 000;24,70;personne/km(2);4.205138; -60.069548;-6.980348; -73.370158;-7.757672; -34.828211;-33.675245; -53.331061;state;zika_reported;BR0011;NA;NA;4043;cases
28/05/2016;Brazil-Sao_Paulo;savanna;31,00;22,00;degrees;207 848 000;24,70;personne/km(2);4.205138; -60.069548;-6.980348; -73.370158;-7.757672; -34.828211;-33.675245; -53.331061;state;zika_reported;BR0011;NA;NA;4702;cases
11/06/2016;Brazil-Sao_Paulo;savanna;31,00;22,00;degrees;207 848 000;24,70;personne/km(2);4.205138; -60.069548;-6.980348; -73.370158;-7.757672; -34.828211;-33.675245; -53.331061;state;zika_reported;BR0011;NA;NA;4736;cases
02/04/2016;Brazil-Sergipe;savanna;31,00;22,00;degrees;207 848 000;24,70;personne/km(2);4.205138; -60.069548;-6.980348; -73.370158;-7.757672; -34.828211;-33.675245; -53.331061;state;zika_reported;BR0011;NA;NA;348;cases
23/04/2016;Brazil-Sergipe;savanna;31,00;22,00;degrees;207 848 000;24,70;personne/km(2);4.205138; -60.069548;-6.980348; -73.370158;-7.757672; -34.828211;-33.675245; -53.331061;state;zika_reported;BR0011;NA;NA;404;cases
30/04/2016;Brazil-Sergipe;savanna;31,00;22,00;degrees;207 848 000;24,70;personne/km(2);4.205138; -60.069548;-6.980348; -73.370158;-7.757672; -34.828211;-33.675245; -53.331061;state;zika_reported;BR0011;NA;NA;427;cases
07/05/2016;Brazil-Sergipe;savanna;31,00;22,00;degrees;207 848 000;24,70;personne/km(2);4.205138; -60.069548;-6.980348; -73.370158;-7.757672; -34.828211;-33.675245; -53.331061;state;zika_reported;BR0011;NA;NA;497;cases
14/05/2016;Brazil-Sergipe;savanna;31,00;22,00;degrees;207 848 000;24,70;personne/km(2);4.205138; -60.069548;-6.980348; -73.370158;-7.757672; -34.828211;-33.675245; -53.331061;state;zika_reported;BR0011;NA;NA;497;cases
21/05/2016;Brazil-Sergipe;savanna;31,00;22,00;degrees;207 848 000;24,70;personne/km(2);4.205138; -60.069548;-6.980348; -73.370158;-7.757672; -34.828211;-33.675245; -53.331061;state;zika_reported;BR0011;NA;NA;499;cases
28/05/2016;Brazil-Sergipe;savanna;31,00;22,00;degrees;207 848 000;24,70;personne/km(2);4.205138; -60.069548;-6.980348; -73.370158;-7.757672; -34.828211;-33.675245; -53.331061;state;zika_reported;BR0011;NA;NA;490;cases
11/06/2016;Brazil-Sergipe;savanna;31,00;22,00;degrees;207 848 000;24,70;personne/km(2);4.205138; -60.069548;-6.980348; -73.370158;-7.757672; -34.828211;-33.675245; -53.331061;state;zika_reported;BR0011;NA;NA;491;cases
02/04/2016;Brazil-Tocantins;savanna;31,00;22,00;degrees;207 848 000;24,70;personne/km(2);4.205138; -60.069548;-6.980348; -73.370158;-7.757672; -34.828211;-33.675245; -53.331061;state;zika_reported;BR0011;NA;NA;2893;cases
23/04/2016;Brazil-Tocantins;savanna;31,00;22,00;degrees;207 848 000;24,70;personne/km(2);4.205138; -60.069548;-6.980348; -73.370158;-7.757672; -34.828211;-33.675245; -53.331061;state;zika_reported;BR0011;NA;NA;3612;cases
30/04/2016;Brazil-Tocantins;savanna;31,00;22,00;degrees;207 848 000;24,70;personne/km(2);4.205138; -60.069548;-6.980348; -73.370158;-7.757672; -34.828211;-33.675245; -53.331061;state;zika_reported;BR0011;NA;NA;3264;cases
07/05/2016;Brazil-Tocantins;savanna;31,00;22,00;degrees;207 848 000;24,70;personne/km(2);4.205138; -60.069548;-6.980348; -73.370158;-7.757672; -34.828211;-33.675245; -53.331061;state;zika_reported;BR0011;NA;NA;2535;cases
14/05/2016;Brazil-Tocantins;savanna;31,00;22,00;degrees;207 848 000;24,70;personne/km(2);4.205138; -60.069548;-6.980348; -73.370158;-7.757672; -34.828211;-33.675245; -53.331061;state;zika_reported;BR0011;NA;NA;2535;cases
21/05/2016;Brazil-Tocantins;savanna;31,00;22,00;degrees;207 848 000;24,70;personne/km(2);4.205138; -60.069548;-6.980348; -73.370158;-7.757672; -34.828211;-33.675245; -53.331061;state;zika_reported;BR0011;NA;NA;2535;cases
28/05/2016;Brazil-Tocantins;savanna;31,00;22,00;degrees;207 848 000;24,70;personne/km(2);4.205138; -60.069548;-6.980348; -73.370158;-7.757672; -34.828211;-33.675245; -53.331061;state;zika_reported;BR0011;NA;NA;2667;cases
11/06/2016;Brazil-Tocantins;savanna;31,00;22,00;degrees;207 848 000;24,70;personne/km(2);4.205138; -60.069548;-6.980348; -73.370158;-7.757672; -34.828211;-33.675245; -53.331061;state;zika_reported;BR0011;NA;NA;2795;cases
02/04/2016;Centro-Oeste;savanna;31,00;22,00;degrees;207 848 000;24,70;personne/km(2);4.205138; -60.069548;-6.980348; -73.370158;-7.757672; -34.828211;-33.675245; -53.331061;region;zika_reported;BR0011;NA;NA;17504;cases
23/04/2016;Centro-Oeste;savanna;31,00;22,00;degrees;207 848 000;24,70;personne/km(2);4.205138; -60.069548;-6.980348; -73.370158;-7.757672; -34.828211;-33.675245; -53.331061;region;zika_reported;BR0011;NA;NA;20101;cases
30/04/2016;Centro-Oeste;savanna;31,00;22,00;degrees;207 848 000;24,70;personne/km(2);4.205138; -60.069548;-6.980348; -73.370158;-7.757672; -34.828211;-33.675245; -53.331061;region;zika_reported;BR0011;NA;NA;21364;cases
07/05/2016;Centro-Oeste;savanna;31,00;22,00;degrees;207 848 000;24,70;personne/km(2);4.205138; -60.069548;-6.980348; -73.370158;-7.757672; -34.828211;-33.675245; -53.331061;region;zika_reported;BR0011;NA;NA;21756;cases
14/05/2016;Centro-Oeste;savanna;31,00;22,00;degrees;207 848 000;24,70;personne/km(2);4.205138; -60.069548;-6.980348; -73.370158;-7.757672; -34.828211;-33.675245; -53.331061;region;zika_reported;BR0011;NA;NA;21756;cases
21/05/2016;Centro-Oeste;savanna;31,00;22,00;degrees;207 848 000;24,70;personne/km(2);4.205138; -60.069548;-6.980348; -73.370158;-7.757672; -34.828211;-33.675245; -53.331061;region;zika_reported;BR0011;NA;NA;22508;cases
28/05/2016;Centro-Oeste;savanna;31,00;22,00;degrees;207 848 000;24,70;personne/km(2);4.205138; -60.069548;-6.980348; -73.370158;-7.757672; -34.828211;-33.675245; -53.331061;region;zika_reported;BR0011;NA;NA;24683;cases
11/06/2016;Centro-Oeste;savanna;31,00;22,00;degrees;207 848 000;24,70;personne/km(2);4.205138; -60.069548;-6.980348; -73.370158;-7.757672; -34.828211;-33.675245; -53.331061;region;zika_reported;BR0011;NA;NA;25246;cases
02/04/2016;Nordeste;savanna;31,00;22,00;degrees;207 848 000;24,70;personne/km(2);4.205138; -60.069548;-6.980348; -73.370158;-7.757672; -34.828211;-33.675245; -53.331061;region;zika_reported;BR0011;NA;NA;30286;cases
23/04/2016;Nordeste;savanna;31,00;22,00;degrees;207 848 000;24,70;personne/km(2);4.205138; -60.069548;-6.980348; -73.370158;-7.757672; -34.828211;-33.675245; -53.331061;region;zika_reported;BR0011;NA;NA;43000;cases
30/04/2016;Nordeste;savanna;31,00;22,00;degrees;207 848 000;24,70;personne/km(2);4.205138; -60.069548;-6.980348; -73.370158;-7.757672; -34.828211;-33.675245; -53.331061;region;zika_reported;BR0011;NA;NA;47709;cases
07/05/2016;Nordeste;savanna;31,00;22,00;degrees;207 848 000;24,70;personne/km(2);4.205138; -60.069548;-6.980348; -73.370158;-7.757672; -34.828211;-33.675245; -53.331061;region;zika_reported;BR0011;NA;NA;51065;cases
14/05/2016;Nordeste;savanna;31,00;22,00;degrees;207 848 000;24,70;personne/km(2);4.205138; -60.069548;-6.980348; -73.370158;-7.757672; -34.828211;-33.675245; -53.331061;region;zika_reported;BR0011;NA;NA;51065;cases
21/05/2016;Nordeste;savanna;31,00;22,00;degrees;207 848 000;24,70;personne/km(2);4.205138; -60.069548;-6.980348; -73.370158;-7.757672; -34.828211;-33.675245; -53.331061;region;zika_reported;BR0011;NA;NA;54165;cases
28/05/2016;Nordeste;savanna;31,00;22,00;degrees;207 848 000;24,70;personne/km(2);4.205138; -60.069548;-6.980348; -73.370158;-7.757672; -34.828211;-33.675245; -53.331061;region;zika_reported;BR0011;NA;NA;59745;cases
11/06/2016;Nordeste;savanna;31,00;22,00;degrees;207 848 000;24,70;personne/km(2);4.205138; -60.069548;-6.980348; -73.370158;-7.757672; -34.828211;-33.675245; -53.331061;region;zika_reported;BR0011;NA;NA;61829;cases
02/04/2016;Norte;savanna;31,00;22,00;degrees;207 848 000;24,70;personne/km(2);4.205138; -60.069548;-6.980348; -73.370158;-7.757672; -34.828211;-33.675245; -53.331061;region;zika_reported;BR0011;NA;NA;6295;cases
23/04/2016;Norte;savanna;31,00;22,00;degrees;207 848 000;24,70;personne/km(2);4.205138; -60.069548;-6.980348; -73.370158;-7.757672; -34.828211;-33.675245; -53.331061;region;zika_reported;BR0011;NA;NA;8545;cases
30/04/2016;Norte;savanna;31,00;22,00;degrees;207 848 000;24,70;personne/km(2);4.205138; -60.069548;-6.980348; -73.370158;-7.757672; -34.828211;-33.675245; -53.331061;region;zika_reported;BR0011;NA;NA;8379;cases
07/05/2016;Norte;savanna;31,00;22,00;degrees;207 848 000;24,70;personne/km(2);4.205138; -60.069548;-6.980348; -73.370158;-7.757672; -34.828211;-33.675245; -53.331061;region;zika_reported;BR0011;NA;NA;8053;cases
14/05/2016;Norte;savanna;31,00;22,00;degrees;207 848 000;24,70;personne/km(2);4.205138; -60.069548;-6.980348; -73.370158;-7.757672; -34.828211;-33.675245; -53.331061;region;zika_reported;BR0011;NA;NA;8053;cases
21/05/2016;Norte;savanna;31,00;22,00;degrees;207 848 000;24,70;personne/km(2);4.205138; -60.069548;-6.980348; -73.370158;-7.757672; -34.828211;-33.675245; -53.331061;region;zika_reported;BR0011;NA;NA;8432;cases
28/05/2016;Norte;savanna;31,00;22,00;degrees;207 848 000;24,70;personne/km(2);4.205138; -60.069548;-6.980348; -73.370158;-7.757672; -34.828211;-33.675245; -53.331061;region;zika_reported;BR0011;NA;NA;9022;cases
11/06/2016;Norte;savanna;31,00;22,00;degrees;207 848 000;24,70;personne/km(2);4.205138; -60.069548;-6.980348; -73.370158;-7.757672; -34.828211;-33.675245; -53.331061;region;zika_reported;BR0011;NA;NA;10645;cases
02/04/2016;Sudeste;savanna;31,00;22,00;degrees;207 848 000;24,70;personne/km(2);4.205138; -60.069548;-6.980348; -73.370158;-7.757672; -34.828211;-33.675245; -53.331061;region;zika_reported;BR0011;NA;NA;35505;cases
23/04/2016;Sudeste;savanna;31,00;22,00;degrees;207 848 000;24,70;personne/km(2);4.205138; -60.069548;-6.980348; -73.370158;-7.757672; -34.828211;-33.675245; -53.331061;region;zika_reported;BR0011;NA;NA;46318;cases
30/04/2016;Sudeste;savanna;31,00;22,00;degrees;207 848 000;24,70;personne/km(2);4.205138; -60.069548;-6.980348; -73.370158;-7.757672; -34.828211;-33.675245; -53.331061;region;zika_reported;BR0011;NA;NA;48027;cases
07/05/2016;Sudeste;savanna;31,00;22,00;degrees;207 848 000;24,70;personne/km(2);4.205138; -60.069548;-6.980348; -73.370158;-7.757672; -34.828211;-33.675245; -53.331061;region;zika_reported;BR0011;NA;NA;54803;cases
14/05/2016;Sudeste;savanna;31,00;22,00;degrees;207 848 000;24,70;personne/km(2);4.205138; -60.069548;-6.980348; -73.370158;-7.757672; -34.828211;-33.675245; -53.331061;region;zika_reported;BR0011;NA;NA;54803;cases
21/05/2016;Sudeste;savanna;31,00;22,00;degrees;207 848 000;24,70;personne/km(2);4.205138; -60.069548;-6.980348; -73.370158;-7.757672; -34.828211;-33.675245; -53.331061;region;zika_reported;BR0011;NA;NA;61309;cases
28/05/2016;Sudeste;savanna;31,00;22,00;degrees;207 848 000;24,70;personne/km(2);4.205138; -60.069548;-6.980348; -73.370158;-7.757672; -34.828211;-33.675245; -53.331061;region;zika_reported;BR0011;NA;NA;65328;cases
11/06/2016;Sudeste;savanna;31,00;22,00;degrees;207 848 000;24,70;personne/km(2);4.205138; -60.069548;-6.980348; -73.370158;-7.757672; -34.828211;-33.675245; -53.331061;region;zika_reported;BR0011;NA;NA;65820;cases
02/04/2016;Sul;savanna;31,00;22,00;degrees;207 848 000;24,70;personne/km(2);4.205138; -60.069548;-6.980348; -73.370158;-7.757672; -34.828211;-33.675245; -53.331061;region;zika_reported;BR0011;NA;NA;1797;cases
23/04/2016;Sul;savanna;31,00;22,00;degrees;207 848 000;24,70;personne/km(2);4.205138; -60.069548;-6.980348; -73.370158;-7.757672; -34.828211;-33.675245; -53.331061;region;zika_reported;BR0011;NA;NA;2197;cases
30/04/2016;Sul;savanna;31,00;22,00;degrees;207 848 000;24,70;personne/km(2);4.205138; -60.069548;-6.980348; -73.370158;-7.757672; -34.828211;-33.675245; -53.331061;region;zika_reported;BR0011;NA;NA;2343;cases
07/05/2016;Sul;savanna;31,00;22,00;degrees;207 848 000;24,70;personne/km(2);4.205138; -60.069548;-6.980348; -73.370158;-7.757672; -34.828211;-33.675245; -53.331061;region;zika_reported;BR0011;NA;NA;2431;cases
14/05/2016;Sul;savanna;31,00;22,00;degrees;207 848 000;24,70;personne/km(2);4.205138; -60.069548;-6.980348; -73.370158;-7.757672; -34.828211;-33.675245; -53.331061;region;zika_reported;BR0011;NA;NA;2431;cases
21/05/2016;Sul;savanna;31,00;22,00;degrees;207 848 000;24,70;personne/km(2);4.205138; -60.069548;-6.980348; -73.370158;-7.757672; -34.828211;-33.675245; -53.331061;region;zika_reported;BR0011;NA;NA;2491;cases
28/05/2016;Sul;savanna;31,00;22,00;degrees;207 848 000;24,70;personne/km(2);4.205138; -60.069548;-6.980348; -73.370158;-7.757672; -34.828211;-33.675245; -53.331061;region;zika_reported;BR0011;NA;NA;2463;cases
11/06/2016;Sul;savanna;31,00;22,00;degrees;207 848 000;24,70;personne/km(2);4.205138; -60.069548;-6.980348; -73.370158;-7.757672; -34.828211;-33.675245; -53.331061;region;zika_reported;BR0011;NA;NA;2392;cases
